ID,MedHouseVal
1,0.49609427777777787
2,0.745252523809524
3,4.881780849404754
4,2.540387465608466
5,2.281619861111112
6,1.639537080687831
7,2.4015944310846566
8,1.6547459603174615
9,2.622303102513228
10,4.890985365476175
11,1.132905162698414
12,2.0380815489417974
13,1.6428622830687836
14,1.7949759126984122
15,2.451675201058203
16,1.631150579365078
17,2.0049594457671946
18,1.740150895370369
19,1.5207298134920637
20,0.9017051097883596
21,3.941235099074072
22,3.7277692923280377
23,1.4982545595238097
24,4.005125969682537
25,1.7568122284752277
26,0.5372029907407404
27,1.790807941560847
28,1.037914056878306
29,1.7099921317941316
30,3.773478979021163
31,1.077100782539682
32,1.3561564628306866
33,2.0488968453439145
34,4.040830247777774
35,2.7525954317989436
36,2.4933168103174626
37,3.1502770188227522
38,1.5875207182539677
39,1.2204924907407417
40,1.5003756917989417
41,2.97996427169312
42,0.914296684824435
43,0.9930465955266957
44,2.214526389201539
45,1.5537241044973553
46,2.107125079365078
47,1.354315226190476
48,1.7595157510582007
49,2.3535549299999983
50,1.0261219933862427
51,2.521496648148149
52,2.0796854642328046
53,1.6151655238095228
54,0.7075184342231838
55,1.4007801666666666
56,1.852368005555557
57,0.7974591587301583
58,2.1897248128571434
59,1.975890682539682
60,2.3770257150793643
61,4.102140253769836
62,2.403242151455028
63,1.0065614444444442
64,0.9778070952380953
65,3.0763556991666663
66,1.855835876984127
67,1.44116126984127
68,1.4931933530543529
69,1.8309312605555568
70,1.5535578452380956
71,1.2057020009620012
72,2.1500511397222217
73,0.8381955238095241
74,1.8770514153439157
75,1.8264111349206338
76,2.0797495978835974
77,4.087671240767197
78,2.400125892301587
79,1.7774399880952392
80,3.0630218575396837
81,0.8874783968253968
82,1.7536716373015877
83,1.9101376613756604
84,1.8589499571428565
85,4.026411594365075
86,2.35873850132275
87,0.9166117658730155
88,0.7605452910052908
89,2.122000989007935
90,2.264620332427757
91,1.1604808306878307
92,2.657144839444443
93,0.984819071428571
94,0.49420429894179924
95,0.9952889177489171
96,1.2923644841269837
97,3.7375292111111102
98,1.682798846666667
99,1.470053156457432
100,1.7031430753968262
101,1.5131770887566136
102,4.342264617658726
103,3.5009375439947044
104,2.63079226063492
105,2.158487099206349
106,1.5574224510582009
107,2.2087430720105825
108,2.839618626137567
109,2.6641515259259263
110,0.8137882341269844
111,1.5767904528619532
112,2.434989972775373
113,2.5851148193518494
114,3.8125415117989445
115,1.5342669907407411
116,2.0225385238095246
117,1.7190924264069263
118,2.818038554894181
119,2.46498288174603
120,2.3412190690476185
121,1.6956754637566138
122,1.9610413812576317
123,3.1253301813756615
124,1.9165759338624333
125,1.3910349603174597
126,0.9153594113756606
127,1.0883102566137566
128,2.257621505291004
129,2.698802939211158
130,1.8939024221428573
131,3.3718193288359792
132,4.961194939444427
133,2.7534346071428573
134,0.7859055185185188
135,2.116918079365078
136,1.2022608160173152
137,2.308089045767196
138,2.8886157843650766
139,2.3463358108465595
140,2.905145037486771
141,2.794040603439153
142,1.2725862261904766
143,1.399173404761906
144,2.357855983108465
145,4.2678063603174605
146,1.6152274999999994
147,4.520010504656079
148,2.2069055206349204
149,1.0821106349206349
150,1.4934102361904762
151,1.9374521273809515
152,1.3427525701058196
153,1.5835704100529089
154,1.440077148148149
155,2.928541396878305
156,2.814246752645501
157,2.262982001719577
158,2.4311750882635907
159,0.8921183584656086
160,1.0176304338624336
161,2.2752144788359807
162,2.0940197142857153
163,4.011093312142858
164,1.4890883758201057
165,0.8869194484126979
166,2.540173770687831
167,2.039733376719578
168,0.9115006190476191
169,2.1957172396825375
170,2.450282369660893
171,3.3182195200697464
172,3.0329063315079368
173,2.674398217460316
174,2.9562482419973537
175,0.5978993174603177
176,0.6357312063492063
177,1.0636961481481486
178,1.0083133888888887
179,1.6144005973544975
180,0.725161351010101
181,3.3305430555555544
182,3.4154193988095227
183,1.7230241071428578
184,2.8014781187830713
185,0.5659936587301578
186,1.1246741110509857
187,1.5699938346560849
188,2.5494690746825395
189,4.2439099003968215
190,2.807876487804232
191,1.5747392857142852
192,2.680201553068784
193,1.4915198134920635
194,1.7849602407407412
195,1.5957245793650796
196,0.9124249788359786
197,2.0113131230158725
198,0.9243865436507934
199,5.00000999999998
200,1.144512675204425
201,2.881815403597884
202,4.609673263293644
203,3.029133955449734
204,1.9977083412698426
205,1.7146369801587313
206,2.2453307305555565
207,1.5769238974867732
208,1.260617827566138
209,1.866426417989418
210,1.9854934113756615
211,1.0925347817460322
212,4.964360556666647
213,1.8685130603174598
214,2.990304353492064
215,1.2480596058201063
216,1.5114218790283787
217,2.0025850238095235
218,0.5849536190476191
219,2.7711183357142857
220,1.0878077328042326
221,1.2266573829966327
222,1.7924112248677246
223,3.2579541678571413
224,2.215415004206349
225,1.0487074949999993
226,1.5363501997354507
227,3.193367979761905
228,0.9038460066137556
229,2.0651637103174614
230,3.0677681993650783
231,2.8904271291005297
232,2.4252494177489163
233,1.1747179973544974
234,3.739706535238094
235,1.3354707791005285
236,0.8037451772486773
237,4.329207314206348
238,4.97031386888887
239,1.3025588505291008
240,2.889631537619049
241,2.157296060555556
242,1.082972996031746
243,1.7434398531746031
244,1.5904337883597888
245,1.6917516613756602
246,2.652294657539683
247,2.362153267460317
248,2.386972254497356
249,3.5072474930820112
250,1.5398485495430503
251,1.0787039272486771
252,2.1137911071428563
253,1.613774666666667
254,1.4062006000480995
255,0.775987935185185
256,2.1868610693121706
257,1.7038066468253963
258,1.1977091164021156
259,1.0967510492063501
260,1.485172578042327
261,1.9097848207407424
262,2.8738747227777783
263,3.8642251819312206
264,1.8451683425925924
265,0.8647796687830688
266,3.851462321825398
267,1.2726595698653198
268,1.9526676566137569
269,3.901271771628187
270,1.2835501270081764
271,5.00000999999998
272,1.9224695367724867
273,1.586306444805195
274,1.8519248703703715
275,1.2465086997354493
276,0.863345962063492
277,2.117211772645504
278,1.2803590701058203
279,1.2694863531746035
280,2.3412295357142856
281,1.5669823769841271
282,2.444820172486774
283,1.1272524642857151
284,1.3717858587301586
285,3.8117573459126963
286,3.9715438935317433
287,3.2020268113756596
288,1.510409038359788
289,2.419394338492064
290,4.660868313492056
291,1.5895678253968246
292,1.0223916071428574
293,1.614373567460317
294,2.5345542621921595
295,1.8004017420634901
296,0.9033603333333334
297,4.216852968725348
298,0.5562017216209717
299,2.2221433055555564
300,1.830454350529101
301,1.1258920757840307
302,0.7051331746031748
303,4.947588053333314
304,1.1804079761904755
305,1.1128152074314575
306,4.583223089841266
307,2.5316802713227506
308,0.5963450357142854
309,3.720853701534394
310,1.5374291190476181
311,1.6874662552910067
312,2.4581428725661385
313,1.9756614755820119
314,2.649477400132275
315,5.0000019933333135
316,1.5331434801587298
317,0.7659189708994709
318,2.079309386940838
319,1.703719027777779
320,3.7386639819480494
321,2.6262660516269833
322,2.219581448492062
323,2.1375080211375637
324,4.808359018042316
325,2.048846621693123
326,1.5528548055555558
327,1.954702469576717
328,0.9425829682539685
329,1.409025042328043
330,1.6109554484126989
331,1.2582839351851842
332,2.3181415955026456
333,3.2453044820105816
334,1.9739094074074073
335,0.7032310189995186
336,2.8824455770899466
337,1.233619222222221
338,0.7333576296296295
339,1.078806392857143
340,4.233099449523804
341,2.4022701891534397
342,0.6869292500000003
343,0.7092535757142857
344,2.128182075396823
345,2.269987245105822
346,1.046201562169313
347,3.856042005476189
348,3.2668158055290997
349,4.96087273166665
350,2.51721133394661
351,2.1654949994444443
352,1.9175492666666647
353,1.0469436838624329
354,1.1932187605820095
355,2.3795427633068758
356,1.9531860568783057
357,0.8591870343915341
358,1.9743337900529108
359,2.9140256420658956
360,3.2457249911640207
361,4.295343634365076
362,2.2765880646945638
363,2.3080434592352104
364,1.6297902050264557
365,1.4934684590476193
366,1.6977439708994713
367,1.8145689541847037
368,4.536612687671955
369,2.776018592592594
370,2.2657091305555555
371,1.9208820238095234
372,1.3344234365079366
373,0.7082264805194806
374,0.9199148121693116
375,2.968512874047618
376,1.9785874391534382
377,1.524575492063491
378,1.5188530753968261
379,0.8446379325396827
380,1.8043048861111106
381,3.1460711599206297
382,4.847967587380945
383,1.7869706666666658
384,1.1838210198412698
385,3.38962895531746
386,4.168843977063493
387,0.7914211269841273
388,1.6253233492063495
389,1.2294618756613758
390,2.0427259206349206
391,2.155620874338625
392,0.9475374219576721
393,1.1518978690476187
394,1.254206235714284
395,1.7372763227513228
396,1.6038190079365073
397,4.979580202222203
398,3.3665387923941794
399,1.8544617494708988
400,2.1603861082972577
401,4.018482522592594
402,2.4947058888888907
403,1.6805699576719575
404,1.9793496522222225
405,2.4748285473280416
406,0.9794559769841273
407,4.808537829920622
408,1.636515446127946
409,1.4652414304232808
410,2.2589801087301584
411,1.1417087222222224
412,4.985953091666649
413,2.1149416296296293
414,1.1050304722222224
415,1.1211759973544972
416,2.1466844960317455
417,4.328542097354489
418,1.1761617017797028
419,3.63385030563492
420,1.607141753968254
421,1.4348520575036068
422,1.5204126690476183
423,2.0049007693602685
424,1.209728459716209
425,3.7733691552777704
426,2.213343448412698
427,2.915738599444445
428,1.73419862037037
429,2.9306584643097646
430,2.2986321111111114
431,0.9672164272486773
432,2.1548392195767176
433,2.67797269047619
434,1.2970338928571428
435,1.7785752547619051
436,3.167878709444444
437,2.975142381613757
438,1.300975292328044
439,2.297292829365079
440,2.408547552910052
441,2.3655886230158742
442,1.4883775277777775
443,3.7339803463492043
444,3.653641870529103
445,1.111708693121693
446,1.7055204867724862
447,3.1328156056613743
448,1.57183855542328
449,1.2951890899470908
450,2.3100258412698405
451,3.314361949047619
452,2.0734119658730163
453,4.781698285290995
454,0.9521167883597886
455,1.8231606666666664
456,3.6094389668386233
457,3.0052381247354476
458,2.1722651717965378
459,2.027867884920635
460,0.6591627486772489
461,1.3153648665873021
462,4.164678597261903
463,1.6214020449735442
464,1.300443433862434
465,1.2450522176434673
466,1.55204689021164
467,2.1941713153078393
468,2.1940346402116395
469,1.1485165513492068
470,1.0970926756854247
471,1.8195043320105815
472,1.4054464050264546
473,0.9407164126984122
474,1.1140900833333334
475,4.347367118862426
476,1.3929485304232807
477,1.1861933624843686
478,0.7418704672438678
479,1.9502814956349186
480,0.8296878258730157
481,1.683402508537757
482,1.5877880800865807
483,2.1961652742063515
484,2.92495062238095
485,1.2147388650793656
486,1.6868078531746036
487,1.6747469007936509
488,2.556321910978837
489,1.4819208042328043
490,3.1919644753174596
491,0.8660747738095239
492,0.8732746375661374
493,1.2614869021164015
494,0.52844278042328
495,3.6829068639417977
496,0.6759393443121692
497,2.9137520599086124
498,3.275968042433864
499,2.1075254308465627
500,2.532055406204908
501,2.064804132936508
502,2.9040156767195753
503,2.187014533573834
504,0.8262914515873014
505,2.4587337593073593
506,2.881414153174603
507,2.2866868879629645
508,2.6867156560846586
509,4.513300798849197
510,2.6868146698148156
511,1.5221573664021166
512,1.8240047698412702
513,2.802591433597881
514,4.664901078174593
515,2.0948490432539675
516,3.8071570515079367
517,1.8061001759259272
518,3.177615623968254
519,0.6664499404761908
520,2.583818128174603
521,3.0001331368518525
522,1.31933491005291
523,2.7670963081746036
524,1.4716071601731597
525,1.723044860185184
526,2.202799337301586
527,1.5317530476190486
528,0.6382512764550268
529,1.3878401455555558
530,2.314734071587301
531,1.4727419880952384
532,0.9603979920634919
533,2.839219506830205
534,1.7986547419312167
535,1.6498178994709
536,2.1135046559523802
537,2.7996593176719586
538,1.0675137403799904
539,2.427638975515874
540,0.6527043642857142
541,2.5886105142857123
542,3.3153780688359777
543,2.5244866791534397
544,1.847719365079365
545,1.9063361150793652
546,4.529254455555554
547,1.960525837301587
548,5.00000999999998
549,2.55317890079365
550,1.137121597883598
551,1.1700289550264558
552,2.515157497354498
553,1.4389866997354503
554,0.9993979920634928
555,1.4176659298941803
556,2.813856352910052
557,1.368039673201058
558,1.1914763730158733
559,0.8616320992063491
560,1.2741402248677254
561,3.783798054589945
562,3.5358955893121666
563,2.4925481691798956
564,2.8620904432010588
565,1.4304498796296299
566,4.028339291984126
567,3.496717234973543
568,2.7879518411111097
569,2.6272032605820095
570,1.6679086214285725
571,3.6326893429437237
572,0.5162911256613759
573,2.1523587923280423
574,1.7661712142857127
575,1.204215496031746
576,1.3578835119047619
577,0.8765064669312171
578,1.731266764550264
579,2.239278870423281
580,2.7402566375661395
581,3.0330882671957666
582,4.976254513333316
583,4.7982015747619
584,1.499874428667629
585,2.199169661375661
586,4.123401905396827
587,1.8687571190476187
588,1.6143865590428081
589,0.9258894298941797
590,1.9011133119047607
591,0.8034290198412696
592,1.097689865079365
593,2.3163926875661387
594,1.4002949550264536
595,0.5447110277777779
596,2.3445789841269837
597,1.5597112830687836
598,0.9689068175805672
599,1.4411235820105828
600,3.92005549171958
601,1.2205394408730161
602,2.514278137566139
603,2.291637109523809
604,1.3917519484126986
605,0.8056065199134205
606,2.299265455079365
607,1.93389517010582
608,3.55546375984127
609,3.351413440396825
610,0.639594841269841
611,1.920303154761904
612,1.8155208752765752
613,0.7604379087301592
614,2.85032333015873
615,2.954610862763347
616,2.4619685330687853
617,2.294889182539682
618,2.3155252835978835
619,2.12774002777778
620,1.442024751322752
621,2.964419938888888
622,3.2291356956349193
623,2.8482401146031746
624,2.867967290648148
625,4.9981119133333145
626,2.5233341558201063
627,1.8028658278388283
628,2.3961130502645482
629,4.696801690714278
630,3.097944510851372
631,3.578766687924484
632,1.933755492857143
633,1.9306243072510825
634,0.7270470158730159
635,1.2361612261904753
636,3.376083425899468
637,1.7759161787301594
638,2.8288691560846555
639,1.5876630820105828
640,0.7138659880952383
641,2.159845002645502
642,1.623081250396825
643,1.9759327460317468
644,0.7028454841269848
645,3.902890480555552
646,2.3601780332010573
647,1.1115215613275609
648,0.9215771322751323
649,2.614655900793652
650,2.4513673600529113
651,0.913416044973545
652,2.5828543896031726
653,0.9543395515873004
654,1.1626334085185188
655,1.0617121424963927
656,3.5124451465343927
657,1.1415396587301592
658,0.9266958809523816
659,2.1068691000000013
660,2.098323108201058
661,2.3564368795815303
662,1.8163013571428563
663,3.4350901221164007
664,0.8651363174603176
665,2.2623612619047626
666,1.335386662698412
667,0.6788086018518518
668,1.5189927830687826
669,0.8668575251322753
670,1.8104680238095234
671,2.043816457671957
672,2.159223535925924
673,4.845532099206342
674,1.2387895723443216
675,1.2668870634920628
676,2.047698580952381
677,1.0216850238095236
678,1.1924910132275135
679,3.4793716887301587
680,4.938369262380946
681,1.5903671917989413
682,0.8195378015873022
683,1.64699071957672
684,3.2842196196608944
685,3.448499024232804
686,2.8402799547619044
687,4.537877307433855
688,1.9519077626984123
689,2.201073394814814
690,0.7801363920634927
691,0.5181975992063496
692,1.903168837301588
693,2.0808573570370363
694,1.4017502103174604
695,1.9732296997354501
696,1.0658426230158735
697,0.6478873042328045
698,1.8058869674603166
699,1.6605402896825392
700,4.586572102142847
701,1.2413994074074086
702,2.673124057698411
703,2.3742420798941803
704,1.9175281700336693
705,1.6822477539682539
706,3.670412022777776
707,2.007099956349205
708,1.9625530584126982
709,2.0498846803011785
710,2.1415627732804245
711,4.365077102428768
712,1.925031606421356
713,3.669314346798939
714,2.6087989708994725
715,0.9639397460317455
716,1.4788287817460317
717,3.069961248862435
718,0.9317112499999998
719,3.1622495825925934
720,0.926331465367965
721,3.864021041164023
722,1.8713902896825414
723,0.8742950352332853
724,3.0003544453703674
725,2.4200237779629616
726,1.1593555634920636
727,2.779528148888887
728,0.8454770026455026
729,0.8095601388888888
730,3.60180371138889
731,1.589534400793651
732,1.544944539682539
733,2.3892007314093346
734,2.067111870105821
735,4.545559709285708
736,0.7906655687830688
737,1.2573840634920623
738,1.7263986997354492
739,1.437747701058201
740,2.55497063478836
741,1.4699027738095227
742,1.5551784669312152
743,1.0965751031746038
744,4.634017696111101
745,1.6800423945767198
746,3.4492916842592596
747,1.37859771957672
748,1.1471567116402117
749,2.3358337988624336
750,1.362779218253968
751,1.087915793650794
752,3.843364842645499
753,2.466868214110149
754,2.2418136491534386
755,3.0446188043386266
756,3.5519775968253984
757,1.480551815343916
758,2.0921362030158726
759,1.6889124708994705
760,2.179708594901396
761,1.4187314629629626
762,2.400537853703705
763,1.6142154783333336
764,3.771063460912694
765,2.9024040761904772
766,0.8621336587301588
767,2.6201997156084658
768,2.986033955772006
769,3.166489801957667
770,0.9584906481481479
771,1.7200758399470897
772,4.80925515521163
773,0.740817079365079
774,2.25351437285714
775,2.2231898796296283
776,2.215968104497355
777,0.9035216626984135
778,1.3214467834054844
779,1.8021480661375662
780,1.256643895502646
781,1.1562605859788362
782,1.4538875476190471
783,1.9349969629629638
784,4.012162716984129
785,1.6202368013347765
786,2.551995985674604
787,2.766723044973544
788,1.2604036273463566
789,0.7998806435185191
790,2.4680397055555523
791,1.2278509947089944
792,1.0856406455026455
793,1.6260494338624343
794,1.2031183439153437
795,4.649275691388877
796,2.4553111501058207
797,4.562358396746021
798,2.172910535678212
799,3.6204285221957684
800,1.9994779126984137
801,1.3537380223015867
802,0.8243887768157769
803,2.7680686814285695
804,2.3800294920634935
805,2.0802076997354484
806,0.5282078465608466
807,2.043064896825398
808,0.7075366851851853
809,1.7914343571428575
810,2.530145978888888
811,1.5419069098124096
812,1.9867245528908113
813,1.6498021798941802
814,2.1480686195767205
815,1.09898590079365
816,2.4118823305555552
817,2.195610060846561
818,2.2343556711640207
819,1.4719376269841264
820,1.711682382380952
821,3.637845185039681
822,1.558213265873015
823,1.7002290010846552
824,2.533666374603175
825,2.562987385820107
826,4.856542801626973
827,3.712290129960316
828,1.894519734126983
829,1.843736391534392
830,1.3671717222222222
831,0.6257717883597879
832,1.6149746162698406
833,1.5978270119047628
834,2.8816522040163544
835,2.6915128828679653
836,1.057453757864358
837,1.780907798412699
838,4.994100107222202
839,1.888434928571428
840,2.595458353571428
841,1.8039094680952374
842,1.425609038359789
843,2.852526398253966
844,0.7904698611111113
845,1.171116727513227
846,1.0070688584656085
847,0.5133003412698417
848,1.6563754206349204
849,2.0967849351851875
850,2.775205423809525
851,2.1091719685185177
852,2.0826595719576737
853,3.382465247037034
854,1.1660488309283303
855,1.5956095952380944
856,2.312052607566137
857,2.6230909107936493
858,2.649534936904763
859,2.0159689432234424
860,2.443678851851853
861,2.5007102235449743
862,2.2677579564947092
863,2.857816387883599
864,0.8084188611111108
865,2.066269956349207
866,0.6587658293650794
867,1.8855889880952372
868,3.1824770343915345
869,2.6207736460317452
870,3.948940002857139
871,2.1375673015873016
872,2.1341048439153427
873,2.1174235801831487
874,1.832098371693122
875,2.1379956587301594
876,0.7314716018518521
877,3.1525919831481484
878,2.7203752285714287
879,2.511809516613757
880,1.5411945780423295
881,2.6236068603174614
882,1.8850279074074092
883,2.6103281137566126
884,1.6293585753968258
885,1.5202435079365086
886,1.9686671194444443
887,0.7879281838624332
888,1.9376818873015864
889,2.1976685658730153
890,2.187821145899472
891,1.4924429510582018
892,1.271721579365079
893,0.9145180277777782
894,3.914686898544976
895,2.6796392873544965
896,0.771366658730159
897,2.3038810246031747
898,1.5234160079365076
899,2.061898886243388
900,2.075968874973546
901,2.313687145502646
902,1.3006548979076482
903,1.022621534391534
904,1.7548258174603177
905,1.7078610643650787
906,1.9401801619769117
907,4.442296559166656
908,2.0560828790211643
909,1.1320953778998784
910,2.8161765952380935
911,2.1469547201058194
912,3.1888771265873044
913,1.1929238531746031
914,1.7003284246031745
915,4.873063887142852
916,0.785451752645503
917,2.1437534219576717
918,0.7048133465608462
919,1.0384481666666663
920,3.088180369894181
921,0.8921925341510346
922,3.566513450714283
923,1.4719044457671957
924,0.7678453611111113
925,0.9568044047619046
926,0.8385619801587303
927,1.4804070400432912
928,3.3043661760846583
929,1.8912585939153435
930,4.494913232499996
931,1.8372260317460307
932,3.6934844912698397
933,2.3092660079365075
934,1.2424633068783066
935,1.8767423182539686
936,2.138253183068783
937,3.4359707241269835
938,2.646454853174604
939,1.00348803968254
940,0.9582932222222219
941,2.763411779444441
942,2.454445007936508
943,3.387752859444442
944,1.782531179074075
945,3.136285645476188
946,0.7887909603174604
947,0.722392986772487
948,1.6081118174603164
949,1.2666988214285713
950,3.143778472380955
951,4.255877835185178
952,2.093453796587299
953,1.806279998677248
954,1.2221830446825406
955,1.368519413059163
956,3.162309421164023
957,1.5213174246031749
958,1.4510835793650798
959,1.9442014140211634
960,1.4650665952380952
961,1.3461813015873014
962,5.00000999999998
963,1.4757275740740747
964,4.972425418888869
965,2.9056412304232815
966,1.069558849206349
967,3.0483312621164034
968,2.279873515873018
969,1.707794996031745
970,0.499686698412699
971,2.022396227777779
972,2.3950115039682545
973,1.8949583284900284
974,2.3120325632671954
975,1.8470965164550261
976,2.2719042286324806
977,2.2290124193121668
978,2.5532393809523803
979,1.1146865873015872
980,1.2179365753968243
981,0.914143748677248
982,3.282740356402114
983,2.5382156138888887
984,2.18682628968254
985,2.948856873650795
986,1.3503401600529108
987,2.2856678936507926
988,4.965224025555537
989,1.7555139979557484
990,3.717044452275135
991,1.7193208690476192
992,3.234540148015871
993,0.9264626216931227
994,1.0138818664021165
995,2.6814710532275146
996,2.860325714232802
997,0.8220121939634436
998,1.5204188436507935
999,5.00000999999998
1000,2.623404585317459
1001,1.7802928412698418
1002,0.9742241600529108
1003,2.8740555826190475
1004,3.694233046349205
1005,1.3780947698412702
1006,2.37659581111111
1007,1.6459688417989422
1008,2.361552349206349
1009,1.7055625608465605
1010,2.909775457671958
1011,1.3576543227513227
1012,2.345076058201056
1013,2.7169025589153453
1014,2.3084615396825394
1015,4.734792860634909
1016,1.2993541719576711
1017,2.313044134920634
1018,2.86542711058201
1019,0.9941649828042328
1020,1.9085470925925931
1021,1.2959356297883597
1022,5.00000999999998
1023,1.4268623437950942
1024,2.123372727513227
1025,1.4893433095238087
1026,1.7135731260581997
1027,1.6570727677970178
1028,1.6765746111111113
1029,2.928323777804232
1030,2.4043977954232805
1031,4.259181569748674
1032,3.8612232581349213
1033,1.8152139761904762
1034,3.942124032227032
1035,1.2545972870370365
1036,1.2882659722222216
1037,0.6131739939153437
1038,1.9772447592592604
1039,2.0301421365079366
1040,4.1957406113227504
1041,3.133496719624822
1042,1.0069166172438675
1043,1.6068500361111127
1044,0.620674445767196
1045,2.119306727513227
1046,2.13548086164021
1047,1.2353253518518512
1048,2.0405322539682533
1049,1.0349740306637805
1050,2.9549757248677233
1051,1.4511381243386239
1052,1.7350525697089942
1053,1.715670660052909
1054,2.398148313227514
1055,1.0815975965608458
1056,1.0562068280423282
1057,0.700592340476191
1058,4.483227534100522
1059,1.026141753968253
1060,0.8055587261904764
1061,2.0450703633333336
1062,1.690931488095238
1063,1.2022037698412702
1064,3.6575128830687844
1065,1.103020569735451
1066,1.794360829470899
1067,0.941544677248678
1068,1.537746214285715
1069,1.391409571428571
1070,1.5052868869963376
1071,1.6263853134920634
1072,1.0728547314814811
1073,1.4484447835497831
1074,3.6873311483766225
1075,1.6189300343915352
1076,3.0510843223015875
1077,0.8110132857142853
1078,0.6519631210918717
1079,3.280229118650795
1080,1.2111891838624345
1081,4.9968587888888685
1082,3.344667501878309
1083,1.9041350436507924
1084,1.7740515171957676
1085,1.891248746031746
1086,0.9400914272486771
1087,2.9566738622751334
1088,1.527663257936508
1089,1.8771785277777782
1090,2.206690645299146
1091,1.6326405793650793
1092,1.1842607658730158
1093,0.984438500925926
1094,3.657329250806874
1095,2.5343695115079363
1096,2.119443620370371
1097,2.420958689153439
1098,2.0210564944444447
1099,2.348307741101492
1100,1.2700722261904767
1101,0.8898859361471866
1102,1.4804682770562767
1103,4.541979056984115
1104,0.7926191582132681
1105,1.185319289682539
1106,1.1632004586507927
1107,1.5744306984126974
1108,2.868027011984128
1109,0.6691931481481486
1110,1.7736174047619049
1111,2.0364765079365066
1112,3.963110860952379
1113,3.8913285418386225
1114,2.3992952182539695
1115,2.3985112023280406
1116,1.8581393134920643
1117,4.142083581746034
1118,2.8089848626190435
1119,1.529313388756614
1120,1.3940111772486778
1121,1.9232033743386243
1122,1.1740011785714293
1123,1.9149834091582492
1124,1.039363244973544
1125,3.231954682976191
1126,1.569547723544973
1127,1.7126727314814825
1128,2.258549744179892
1129,3.2311285226070225
1130,3.9358545228571393
1131,1.3892241111111117
1132,2.3640784205291014
1133,0.9289179193121694
1134,1.148592738095238
1135,1.3791254087301579
1136,2.5089671742424264
1137,1.9465209312169311
1138,0.7221239139009139
1139,2.780768312460319
1140,1.2261824444444438
1141,2.309527061402116
1142,2.1010666899470913
1143,0.793032067460318
1144,1.3790650357142855
1145,1.164423657407407
1146,2.0897174087037036
1147,0.7658268822751316
1148,0.8243007857142849
1149,0.9229624285714283
1150,1.767553974867726
1151,5.00000999999998
1152,0.9465233875661382
1153,2.913770492619049
1154,0.9704138809523816
1155,0.6938733074074073
1156,1.2902502138047125
1157,1.0218234265271764
1158,1.8517513614718621
1159,1.578207375661377
1160,3.5122823193650796
1161,2.308460820634918
1162,1.9764740330687849
1163,0.877924824277574
1164,2.005564686666665
1165,1.2865193227513212
1166,1.1449497566137565
1167,2.223070722549304
1168,2.5546326845454543
1169,1.875479441760462
1170,0.7402157937566135
1171,0.7615409472101976
1172,0.5213893333333334
1173,2.186537874338624
1174,3.8014621642857143
1175,1.360021523809525
1176,1.5663007341269848
1177,0.7908132673280422
1178,1.8871306785714266
1179,1.6370992156084654
1180,2.571538496666667
1181,1.1156362599158247
1182,0.9926739246031743
1183,2.0891774011111104
1184,1.6438861984126985
1185,3.6381950514718566
1186,3.0197385006613757
1187,2.525542202380952
1188,1.536441505291006
1189,1.1065730714285722
1190,2.477040603703703
1191,2.7092968354497358
1192,2.011441515873015
1193,2.0042758447474727
1194,1.61144125
1195,2.642322042020201
1196,1.2746629484126974
1197,1.297525208994708
1198,2.970258203997113
1199,1.9687733875661377
1200,3.574664328267194
1201,1.9433505542857146
1202,2.4362962736772484
1203,0.9618089246031745
1204,0.7380423132515633
1205,4.95553290247473
1206,2.058998676904761
1207,4.652362146031738
1208,2.419828765343915
1209,2.6690077314814813
1210,3.8582839034126946
1211,2.42916232984608
1212,1.1004699469696966
1213,0.7738933082010586
1214,2.0940263962169317
1215,3.8506028614285657
1216,2.5546401797619054
1217,1.0611146296296303
1218,3.6671063048677235
1219,1.7534679947089944
1220,3.2270466842592587
1221,2.6669925295238093
1222,1.440809944708994
1223,4.134519906917988
1224,2.238327516426166
1225,1.991083115873017
1226,2.7595453572751336
1227,1.093751677248678
1228,2.2160148849206336
1229,1.44833009920635
1230,2.6428990349206334
1231,4.959685007777758
1232,1.3767272222222218
1233,0.7682629285714285
1234,1.1389673769841266
1235,1.7895393769841268
1236,0.8632420793650791
1237,1.8549664880952375
1238,1.8016235417243862
1239,1.4239573702910049
1240,3.5175973322486764
1241,0.8279736673809525
1242,2.714205671031747
1243,1.8898668085714272
1244,4.998013266666647
1245,3.4681117809391524
1246,1.6174771177248688
1247,0.9155052605820108
1248,1.1468586177248672
1249,4.998974966666647
1250,1.4243991785714285
1251,3.5860545515873015
1252,2.2379487510822504
1253,2.6737202473544963
1254,2.256881526455027
1255,1.945693756613756
1256,2.6956148997354514
1257,3.1082701211507953
1258,1.1594293809523806
1259,2.427996176190476
1260,2.4721541058201066
1261,1.8740755449735458
1262,2.164125204735451
1263,0.950129765512266
1264,2.6073562113756594
1265,2.6557299639947085
1266,0.8789746349206344
1267,1.6457039589947087
1268,1.8738703968253974
1269,1.8161646507936506
1270,2.057359440781441
1271,1.4114144775132274
1272,2.0888470842472344
1273,1.8791046037566108
1274,1.254636472222223
1275,2.0154453796296283
1276,0.9075124981962487
1277,3.0451575864814804
1278,2.1612696058201055
1279,4.86560633777776
1280,2.416899965767196
1281,0.899319656926407
1282,0.9083870291005288
1283,2.4295600070105836
1284,2.919642662354496
1285,1.898021337301589
1286,1.5717667861111102
1287,3.576108303941798
1288,1.3213871216931228
1289,2.312551849206348
1290,2.2519162632275127
1291,1.8980268720899478
1292,3.9159960758465613
1293,2.6089558650793667
1294,2.639340161640213
1295,0.56479214021164
1296,1.4399727476190474
1297,0.723784373737374
1298,1.484816669312169
1299,2.3423839392063486
1300,2.3340246674603167
1301,3.5277168596560826
1302,2.2917039330687845
1303,1.6174560277777776
1304,4.67615524686507
1305,1.0307562328042321
1306,1.1672001680423267
1307,0.8647381648148144
1308,2.296061596825398
1309,1.7277891177248679
1310,2.3676607910052914
1311,2.736352135978834
1312,2.4226281071428573
1313,3.2119043496031745
1314,1.651354613756614
1315,0.8131443346560846
1316,3.7310564336507923
1317,2.0043623414622407
1318,3.4525970272751345
1319,1.9357089999999986
1320,0.9391012023809521
1321,2.2809283139177494
1322,3.2148233127248687
1323,1.0702782182539674
1324,2.8958263144781133
1325,0.7576859849206352
1326,2.102675828042328
1327,0.5966522842712841
1328,3.174436013809524
1329,3.8460562123809487
1330,2.5836961645743157
1331,0.6803705925925925
1332,1.9408906309523797
1333,2.425008427080326
1334,1.67589119047619
1335,1.121293647619048
1336,4.984801071666648
1337,3.032808399047619
1338,0.5750783199855698
1339,3.2888467613492045
1340,3.7752177013756563
1341,2.1497646888888897
1342,1.8395178160052903
1343,2.367730861058202
1344,0.6455272953342956
1345,2.799412548730157
1346,1.5209440912698413
1347,2.335968878730159
1348,1.3487948900793656
1349,2.6587058257142844
1350,0.972955084656085
1351,1.8335879146825407
1352,1.5449652857142848
1353,1.3568046150793658
1354,3.199031662698413
1355,2.4155954929100525
1356,4.087826563217887
1357,1.7986620052645492
1358,1.5757269801587297
1359,1.4571865270009623
1360,1.9350059082010584
1361,3.165292478730159
1362,1.2015493968253972
1363,2.597817376058201
1364,1.4957640992063486
1365,2.5107914955026485
1366,3.2654875752380974
1367,0.7307220304232801
1368,1.996164506613757
1369,1.151123810846561
1370,0.8897017976190473
1371,3.718743480317459
1372,4.393917836640205
1373,2.169479564285714
1374,0.9568699166666667
1375,1.7225831547619044
1376,1.7454500079365076
1377,2.553818931216932
1378,2.0538379259259245
1379,0.8118423434343424
1380,1.384103936243386
1381,0.6915136243386243
1382,0.9928120753968248
1383,4.597472016904755
1384,2.2398293597883607
1385,0.9749248328042325
1386,1.539738134920636
1387,1.4886182478835972
1388,3.4585409629894177
1389,2.282743767724868
1390,4.107569614312164
1391,4.999989983333314
1392,1.5990303452380956
1393,2.7353774567724867
1394,3.0001364482275132
1395,1.739557152910054
1396,3.166473857142857
1397,1.5895714071428577
1398,1.8040385420634928
1399,0.751167723544974
1400,1.5368019973544973
1401,2.3167648690211635
1402,2.822394171005291
1403,0.6169317222222223
1404,0.788707972222222
1405,2.9842630469047586
1406,1.64290682936508
1407,2.667776766428573
1408,2.416234901058202
1409,3.6472342149999992
1410,1.9109424867724851
1411,0.7636695820105823
1412,2.627617621269843
1413,1.5518739834391528
1414,0.9421471615873018
1415,1.4211997579365079
1416,0.9084586817460317
1417,3.704424223915338
1418,1.1334788095238095
1419,3.1781171085978843
1420,2.1850818796296307
1421,1.569411063492064
1422,1.2410187261904768
1423,1.1832114246031749
1424,3.1812948720634906
1425,1.895756468253966
1426,2.282580957671957
1427,0.9889967524050013
1428,0.9705920687830689
1429,1.8481104581216925
1430,3.52353559202381
1431,1.112223846560846
1432,2.564061320634923
1433,2.0981576738095256
1434,2.4082002134920635
1435,4.477889512936503
1436,1.5724027037037038
1437,0.8901528510582007
1438,1.2170394444444446
1439,0.9342926301587301
1440,0.5294528008658017
1441,1.5280843624338631
1442,3.0386663413359796
1443,3.304751063068782
1444,1.593252920634919
1445,2.3632800462962953
1446,1.984512174999999
1447,1.5285516481481487
1448,0.7253633412698417
1449,3.691974897460314
1450,2.5688316364285733
1451,1.1199517461519966
1452,0.6955557169312173
1453,3.149150536798942
1454,1.40278542063492
1455,3.8285627389682495
1456,2.8436274850396823
1457,1.1979354605579606
1458,0.7654361031746032
1459,1.264683621428571
1460,0.6697000780423281
1461,1.68747547113997
1462,2.8633556608333333
1463,3.109448584920635
1464,1.2622269767316014
1465,0.542612525132275
1466,1.2000784510582014
1467,1.6599595515873018
1468,1.369328253968255
1469,2.234799632857142
1470,3.187921414920634
1471,1.3856114140211642
1472,2.7464870229437235
1473,1.3522949616402116
1474,3.47051925228355
1475,2.8014288386243393
1476,1.5606289206349215
1477,2.4937666653968247
1478,1.4735504589947095
1479,1.24133938864839
1480,0.998539337301588
1481,0.8161918809523815
1482,2.120547148148147
1483,1.9216817566137578
1484,1.5811838219095715
1485,4.513421975555548
1486,0.6752443907407403
1487,3.3043642707407397
1488,3.4149035551587295
1489,1.688599441904762
1490,2.4560277595238094
1491,1.079626598677249
1492,1.346742047619048
1493,1.1697549999999997
1494,0.5743642367724863
1495,3.400856415555556
1496,1.887864435185185
1497,0.7140846997354492
1498,1.036568509259259
1499,1.9276705317460332
1500,1.3087610529100522
1501,2.402987313888888
1502,0.7678892634920632
1503,2.607443327936508
1504,1.7472442301587303
1505,2.1018596005290986
1506,1.5820335145502646
1507,1.9961071775132284
1508,1.0168715815295812
1509,1.9908918677970155
1510,2.3872757076190485
1511,1.8660199978354959
1512,1.3536970821693124
1513,2.565196605820106
1514,2.5416981960076956
1515,1.1725505383597885
1516,3.587031713174602
1517,2.9698221577489154
1518,1.5384204990740744
1519,2.1178794346560843
1520,1.476795759259259
1521,1.2925823743386242
1522,2.8292395478174606
1523,2.336178948412697
1524,1.286611931111112
1525,0.8631203949661445
1526,1.2318825568783058
1527,2.055340470899473
1528,1.0597324420394414
1529,1.2380337142857143
1530,0.7297417116402116
1531,3.2268065832130857
1532,1.4329381531216931
1533,1.551136511904761
1534,1.6074306203703694
1535,2.448792258369409
1536,2.2556490502645494
1537,0.9289730370370376
1538,1.315694587804233
1539,1.3942420211640203
1540,0.5988369799182309
1541,1.745187867724867
1542,2.0994582486772484
1543,1.0879985515873019
1544,1.1152658743386252
1545,1.7308991349206349
1546,1.3916452301587308
1547,1.967255919312169
1548,1.93804250531746
1549,2.122390138888888
1550,1.9951177126984134
1551,1.6268024656084654
1552,1.727637791005291
1553,2.430689178650794
1554,2.2431446675132283
1555,2.325133584259256
1556,2.4261715953174607
1557,1.4263384436507938
1558,1.0656555859788357
1559,2.103970879179894
1560,2.120283596560846
1561,3.9011176236772447
1562,0.7155390486772486
1563,1.7745807501984123
1564,2.540876769841271
1565,2.420956761544009
1566,1.2673320039682532
1567,3.5638695360582027
1568,1.4773295251322756
1569,1.623047662698413
1570,2.466693948809523
1571,2.39025938674603
1572,3.356172860582008
1573,0.8421550396825397
1574,1.840910308253968
1575,0.987773675204425
1576,3.0397390660052905
1577,1.3265197100529091
1578,2.3863365180423286
1579,4.271370332698408
1580,2.488598722222222
1581,1.4500284947089952
1582,0.661298223063973
1583,1.068666936507937
1584,2.2902995347883603
1585,2.266015563492063
1586,1.7593182367724869
1587,1.2390577500000002
1588,0.9511233386243388
1589,0.7385104523809528
1590,2.477233337301588
1591,2.572839880396823
1592,1.3592879629629628
1593,3.9060905084391533
1594,3.244048797023809
1595,4.998994983333313
1596,1.3411619047619046
1597,0.8445211111111114
1598,1.523842166822993
1599,1.7028895648148148
1600,1.1637958677248685
1601,4.324070602857142
1602,1.5059720343915355
1603,2.376340474867725
1604,1.893788126984127
1605,2.0565982377344887
1606,2.917358393650792
1607,0.8248451256613758
1608,2.4485967919841265
1609,3.6955901785317473
1610,1.1544894933862437
1611,3.5044940664550253
1612,1.5081761111111114
1613,2.2994992092352087
1614,2.2706156404136615
1615,0.6541125780423278
1616,1.7557588519576715
1617,1.4793027830687844
1618,1.114514722222222
1619,1.393232921957672
1620,2.783238051243386
1621,1.3347690502645502
1622,0.874480174603174
1623,1.1538950396825391
1624,4.168890224126979
1625,0.5882747002164506
1626,2.1331679519841273
1627,4.223920915476186
1628,2.266363664021163
1629,1.3161894259259268
1630,2.3148248015872994
1631,2.2497447872222223
1632,1.6004841746031733
1633,1.5701830079365076
1634,0.744713477513227
1635,0.6300775580808076
1636,1.9937608650793652
1637,1.6202505145502644
1638,1.5276352460317464
1639,2.2907250718783074
1640,0.7955409272486765
1641,1.5556034193121697
1642,1.2333751150793655
1643,1.638939386507937
1644,1.4948962182539691
1645,3.353832449298941
1646,0.8970923055555553
1647,1.9317774007936506
1648,3.467006542063492
1649,0.8858474682539683
1650,2.036154155449736
1651,2.75503320079365
1652,1.0921690753968243
1653,1.3947530953583454
1654,1.4377612328042315
1655,3.6144019102910048
1656,3.445567980674601
1657,2.694002738095237
1658,3.40253796526455
1659,1.5861091693121683
1660,2.7869475289682537
1661,3.204084431931217
1662,1.2733469841269847
1663,2.464002235209233
1664,1.035789017989419
1665,4.694147420793642
1666,1.7899927195767187
1667,2.9643914392736894
1668,3.0163837706349197
1669,1.9570961349206342
1670,2.8030005529100537
1671,1.8575386080687837
1672,3.2900340127777783
1673,2.3061799941798937
1674,0.8352038994709
1675,1.5882835738095242
1676,1.6952599571428566
1677,2.2202422857142867
1678,1.106999700937951
1679,3.526651174444444
1680,3.224660970515873
1681,3.416078858730155
1682,2.7822294363756637
1683,2.368356487936509
1684,2.3943869026984164
1685,1.8944185493121692
1686,4.014639310529095
1687,1.1543407723665227
1688,1.009057650793651
1689,1.4961022500000014
1690,4.835160686269834
1691,3.305561659787156
1692,2.143095332491584
1693,3.3048600392063503
1694,1.9927899903968231
1695,1.6191146481481482
1696,2.5217262658730175
1697,1.6510722817460306
1698,1.2527033531746032
1699,1.515300855820105
1700,1.2121432592592591
1701,2.436287259126984
1702,1.1360551190476187
1703,3.340053624034392
1704,4.842233502910038
1705,1.9241905079365094
1706,1.0764114894179893
1707,0.9336686428571431
1708,3.398534025209233
1709,1.8725259867724864
1710,1.9555437178306883
1711,1.0484084563492055
1712,4.696881528756605
1713,2.344810604761902
1714,3.301367936296295
1715,1.437439384920635
1716,2.0776811891534392
1717,1.2138420370370364
1718,1.487826369047619
1719,2.1791959718518514
1720,2.3308038451058173
1721,1.3071623214285708
1722,0.839363162698413
1723,3.231809302817462
1724,2.3372938776719563
1725,1.8361098306878307
1726,0.8353833690476187
1727,1.7059898716931217
1728,1.3031908403439143
1729,1.611396639682539
1730,0.6817968470899475
1731,2.083898350529101
1732,2.125495397804233
1733,1.2961718571428567
1734,1.350334824074074
1735,1.7928493730158728
1736,0.9240037608872606
1737,2.483069525661377
1738,2.6696994748677225
1739,3.528958561706349
1740,0.7474658134920642
1741,0.8316290909090909
1742,0.6835490383597884
1743,1.9165847460317458
1744,3.6133442848412702
1745,2.7476527249470903
1746,1.4455072142857142
1747,4.99482879999998
1748,1.0934309312169317
1749,2.306726064814816
1750,1.4173496957671945
1751,2.8441602103174586
1752,1.6987424642857143
1753,3.0064828906084657
1754,3.1021694470502665
1755,2.8173522365079373
1756,3.1390851313492067
1757,2.7690206867989424
1758,1.1953089576719582
1759,2.1480401865079357
1760,0.48418368478835977
1761,1.5591902722462725
1762,1.650887183140933
1763,2.794428368650792
1764,2.56877438126984
1765,1.4185773253968252
1766,2.372887482010581
1767,0.9253390928571429
1768,1.0692008108465607
1769,3.242064209973546
1770,2.2680051216931214
1771,2.0417335238095227
1772,1.7048209404761905
1773,1.1208506685906685
1774,2.008535746031747
1775,1.117523158730159
1776,2.2255274543386254
1777,3.6675377893650785
1778,2.335477547619047
1779,2.4369393677248685
1780,1.9637972857142847
1781,4.152690849814811
1782,1.7499201349206346
1783,2.293366135449736
1784,4.7811323082936426
1785,1.9544735200336698
1786,2.505114167989416
1787,4.095975614126975
1788,1.914319417989418
1789,2.332687859880954
1790,1.4623888875661377
1791,0.9943583134920639
1792,0.9111951670634926
1793,0.6315767738095235
1794,0.8990607314814819
1795,1.747173543253969
1796,2.014006418831168
1797,3.7677913284920614
1798,0.5095475133477637
1799,1.960277964285712
1800,1.2764783849206343
1801,2.5591182623677238
1802,0.9408464867724867
1803,2.3316421462962946
1804,4.884128726243373
1805,1.0670128664021163
1806,1.0800939404761911
1807,2.3986994835978837
1808,2.1313577010582003
1809,0.8104637566137566
1810,2.4298683306878313
1811,2.807494582433862
1812,1.8201907158730153
1813,1.482035075396826
1814,3.688724265079366
1815,0.9366677076719572
1816,1.925919825396825
1817,1.3641424642857156
1818,1.1993044366402117
1819,2.540822483597883
1820,2.2496229417989433
1821,1.1198730515608466
1822,1.8638083386243387
1823,2.3036907420634907
1824,2.9885294360582
1825,0.6012764365079366
1826,1.9007795039682527
1827,2.4809468843049527
1828,0.9606921304232803
1829,2.3025565929629632
1830,2.2204305264550257
1831,1.0748925884126987
1832,2.06510807063492
1833,1.699558682142857
1834,1.7941828055555546
1835,1.0368901706349212
1836,3.1969706777777773
1837,2.158102923157769
1838,1.5690154259259261
1839,4.052523771203702
1840,3.835849757539679
1841,1.7564273309523815
1842,1.3498219108946603
1843,3.881333400471383
1844,1.2250021785714291
1845,4.146124152830685
1846,0.9791727936507945
1847,3.2564216026719572
1848,1.6847276626984113
1849,3.991276488439152
1850,0.5928796078643576
1851,2.025246734126986
1852,2.3062295904761902
1853,2.311714278174603
1854,1.3789172976190482
1855,0.9884251190476189
1856,1.6162002407407405
1857,1.2148955141895146
1858,2.6053071308730167
1859,4.957845697222203
1860,4.0259026216137554
1861,2.4689379148629182
1862,1.3331339338624344
1863,2.5238494045214055
1864,3.5077504387037037
1865,2.537580988888888
1866,2.5815056718518514
1867,2.7168454091269854
1868,2.210273688597885
1869,2.670033469841271
1870,2.527752028306876
1871,2.8891008405291005
1872,2.2072481764021155
1873,4.975827522777764
1874,2.3374724589947085
1875,1.9002990897486765
1876,1.6100686653439151
1877,1.6767563297619046
1878,3.5406558689682517
1879,1.8535928293650796
1880,1.1515666376678881
1881,2.545078576719578
1882,1.4568512248677246
1883,1.3399296073833593
1884,2.2099324770105824
1885,1.4494058042328049
1886,1.2671971776455035
1887,1.3364473968253965
1888,0.9813723531746031
1889,1.073449933862434
1890,2.4125688702380943
1891,2.7890669134920643
1892,2.693369944324195
1893,2.3582200158730173
1894,1.0294249523809529
1895,1.7073313174603177
1896,1.9013976441798934
1897,1.0861661587301583
1898,1.6800075317460317
1899,1.3982369788359792
1900,1.444646894179894
1901,2.710050244126983
1902,1.4829283796296286
1903,0.8346753594179896
1904,0.6748576243386242
1905,2.173981662698411
1906,1.0324725595238093
1907,2.2967217195767193
1908,1.9557080653968257
1909,2.3099543923809525
1910,1.233077720899471
1911,1.8230529893650798
1912,4.072502200158726
1913,1.8939931019047633
1914,1.9763771129629633
1915,1.7006156785714297
1916,1.5611833091630591
1917,1.613827417508418
1918,0.7630601309523808
1919,2.4008008145502626
1920,1.3722372920634915
1921,2.1017556220899483
1922,1.741318466931217
1923,1.4582608611111114
1924,1.768805527777778
1925,1.3463702473544974
1926,2.2244574603174594
1927,4.134063837366515
1928,4.69675750412698
1929,2.3899312560846564
1930,1.872205511904762
1931,2.7269020617724866
1932,2.4913653226190466
1933,1.577975332592592
1934,1.1798485304232806
1935,3.445888923227514
1936,1.0229840198677242
1937,1.3204454417989415
1938,1.8531059232804232
1939,0.6493884482347285
1940,1.7652637089947083
1941,1.1917637248677246
1942,1.0692686825396824
1943,2.2972332064694556
1944,2.091171300582011
1945,1.0541384246031742
1946,1.7767418359788363
1947,4.221701765317451
1948,1.0390834272486782
1949,2.1857921213203464
1950,2.548279293518519
1951,2.2752780420634937
1952,0.9397919694564703
1953,0.8524146904761905
1954,2.0703431712698417
1955,2.8822797885714295
1956,1.9204581280158721
1957,1.7808888985449745
1958,1.3046211150793645
1959,1.8187967513227512
1960,4.810187165952367
1961,2.6786763134920637
1962,0.5144786785714289
1963,2.3711243389153442
1964,0.8089604783549782
1965,1.6267541772486784
1966,0.9071434140211638
1967,3.3221129193121683
1968,1.5369844000721502
1969,3.7016169010317435
1970,0.6908441428571427
1971,2.2445126466931202
1972,4.121888767195765
1973,0.8757149047619047
1974,3.3773908491534343
1975,1.921341693121694
1976,2.5010638245767187
1977,2.906702666825397
1978,2.2076536988095232
1979,1.8973703055555555
1980,1.610459937830687
1981,4.213561477579357
1982,2.0506938806878323
1983,1.922672332253488
1984,0.8662901071428581
1985,2.0457008214285715
1986,1.4402061111111115
1987,2.060514766666667
1988,4.675454870238084
1989,1.5592968888888894
1990,1.0238415462962969
1991,1.6267349783333342
1992,1.9692991111111091
1993,0.7047578603896105
1994,1.1334202962962965
1995,0.7422985847763347
1996,1.8058667010582004
1997,3.595655771296296
1998,3.5483016804761904
1999,2.62929369436508
2000,1.416234345238095
2001,1.6795868928571427
2002,1.0414499523809524
2003,1.8633988664021153
2004,1.7976188678571425
2005,1.3663941494708987
2006,4.990969916666646
2007,1.9935830793650784
2008,1.9325923023809517
2009,2.055772395502644
2010,1.969552334126984
2011,3.10295247515873
2012,0.9337315185185187
2013,4.727352414074066
2014,4.368392842539678
2015,1.4885679920634916
2016,2.2021129510582
2017,1.7887665894660882
2018,2.297131847354498
2019,1.1887764180423288
2020,1.5501961969696976
2021,1.9326888730158718
2022,1.6718241441798953
2023,2.507830186746031
2024,1.9517679960317464
2025,0.6216746929629632
2026,1.7671592420634916
2027,2.580655675978835
2028,1.0865130661375666
2029,1.7024919681216935
2030,1.8067848862433853
2031,1.2024075370370366
2032,1.2622178281481484
2033,1.9006475039682542
2034,1.5833899708994714
2035,1.9771357698412693
2036,1.393800760582011
2037,3.19420640670635
2038,2.0611115912698406
2039,0.5110217023809526
2040,1.889244047619048
2041,2.31945799074074
2042,1.895700876984128
2043,0.932453782539682
2044,2.3934617261904765
2045,3.016954255211639
2046,2.0414800554232815
2047,2.0412875039682543
2048,2.49296881349206
2049,2.9293311359523813
2050,1.9406951997354505
2051,3.8630230543386204
2052,5.00000999999998
2053,2.5965091767857134
2054,4.066903602301583
2055,1.7634660026455022
2056,1.3419963895502645
2057,3.1849679608465626
2058,1.1238802031746038
2059,0.6319997558201055
2060,1.1429783280423285
2061,1.8630745459523819
2062,2.365419772592594
2063,1.6827253743386243
2064,1.3769096666666667
2065,1.845700549422799
2066,4.86367389396824
2067,2.9055201071428565
2068,1.4162062804232796
2069,1.2062587592592573
2070,0.7505477896825397
2071,3.5117037041269827
2072,2.998951165476192
2073,2.8456782605820106
2074,4.996788283333313
2075,3.633421247103172
2076,1.8440492698412716
2077,2.827082166190474
2078,1.7196226706349216
2079,2.028926092592594
2080,3.827244048386241
2081,2.080342812116402
2082,1.7928976203703704
2083,2.2743406485088977
2084,1.6924745820105822
2085,0.6816373849206346
2086,1.4810490477392966
2087,3.383406048492063
2088,1.8653121111111122
2089,1.140566496031746
2090,1.917446160052911
2091,0.9337074330687828
2092,0.9929227843915347
2093,1.6996927962962958
2094,1.7558393373015868
2095,1.5443528086820573
2096,1.250213403968254
2097,2.1761407426647423
2098,2.78796041309524
2099,3.597828635105819
2100,4.506982327027415
2101,1.6601711761904767
2102,2.6532656735978852
2103,2.270357928571428
2104,2.3028000825396835
2105,4.987577934444425
2106,1.791793470899471
2107,2.5744299006613773
2108,2.026705277248679
2109,1.14995875
2110,1.4372800849206344
2111,2.2548537642857167
2112,3.860764314603176
2113,1.8526852645502634
2114,0.7218131496031748
2115,3.195231336402115
2116,1.7189951574074056
2117,2.0586610862026853
2118,1.6307948690476188
2119,2.1535303015873026
2120,2.2837485343915347
2121,1.9477801838624351
2122,2.359670626984125
2123,1.676972263386243
2124,3.1600227615608483
2125,1.566615940476191
2126,2.7748045305555533
2127,2.700995260317462
2128,1.7121601563492073
2129,2.582066839153437
2130,0.7779627698412698
2131,1.6766946547619048
2132,2.119589708994708
2133,1.5700644457671966
2134,1.227383523809523
2135,2.7876444984940973
2136,1.5243075138287636
2137,1.9805657671957677
2138,1.4811355820105823
2139,1.2667786388888886
2140,2.183350821957673
2141,1.5089998346560851
2142,1.1793977910052913
2143,2.2491787103174596
2144,2.191981442592593
2145,2.434226066137567
2146,2.799893347513228
2147,0.9592777182539682
2148,1.8979818703703704
2149,1.9862513253968246
2150,1.900136926046176
2151,0.6730427089947087
2152,1.5491932235449737
2153,2.8947971029365074
2154,3.4558350585052917
2155,1.2125462526455029
2156,2.210548332010583
2157,2.219163668095237
2158,2.6383933299519
2159,1.1882206494708993
2160,1.5474826097883598
2161,1.2711352936507925
2162,0.8869940798460796
2163,1.8049044246031754
2164,1.9629385910293422
2165,0.6937250396825403
2166,1.4735813306878305
2167,1.0211513293650791
2168,2.3470275571428556
2169,4.054479958650789
2170,1.2006114456469457
2171,1.4728275330687828
2172,2.431323904761904
2173,1.0847479484126985
2174,2.086158035714286
2175,3.09845958994709
2176,1.4915010328282832
2177,1.379487093434344
2178,2.9675186214285727
2179,0.9651842619047611
2180,4.9898895133333125
2181,3.915478492380947
2182,1.013651161904762
2183,1.4517030277777774
2184,0.6905768293650792
2185,0.9648658367460321
2186,1.298506366164021
2187,2.7365005238095215
2188,4.748902620238087
2189,1.0944418505290987
2190,1.3279754036796545
2191,2.529103309523808
2192,1.2777738844396342
2193,2.237280486243387
2194,0.7904091759259261
2195,2.795960221428572
2196,2.620081238095236
2197,2.235523660502643
2198,1.7665252865079366
2199,2.3638455171957697
2200,0.721266283994709
2201,2.191007503968256
2202,2.672487835185185
2203,1.5190065772005772
2204,0.9146229730158727
2205,1.7119999206349203
2206,1.3717824801587293
2207,1.578321698412697
2208,1.2907086150793643
2209,2.2351297658730176
2210,2.7154338678571426
2211,1.0316406134920628
2212,4.503560162433857
2213,1.7804763015873013
2214,0.6007978174603171
2215,1.6447520538720553
2216,3.0887872420346314
2217,1.393475034391534
2218,4.897765037857126
2219,3.8118103732936492
2220,4.999989983333314
2221,1.6968776904761913
2222,2.360306694179894
2223,3.319969388862436
2224,1.217756984126984
2225,1.5001731865079362
2226,3.552575600264549
2227,1.1798311097883594
2228,1.3716598246753244
2229,3.080912869497355
2230,3.524064172751323
2231,1.5106659589947076
2232,3.6952088818253945
2233,3.097198958571428
2234,1.918039263584653
2235,3.179558547328043
2236,1.7113177777777773
2237,3.081611964814816
2238,1.3742275676719573
2239,0.8511590912698414
2240,0.7455547698412699
2241,2.7669298279365075
2242,2.242527869047619
2243,1.2166706150793642
2244,3.551290458743387
2245,2.0222745767195778
2246,1.8504102189754696
2247,3.8469366273809515
2248,1.853977166666667
2249,1.045532944805195
2250,1.3060358518518524
2251,2.587268221507939
2252,2.032022094312169
2253,2.314324220899474
2254,1.6317935489417996
2255,3.40590770873016
2256,2.0208952645502634
2257,1.0118493424723425
2258,2.0756226917989413
2259,2.7851769034391505
2260,1.9508423571428568
2261,2.398733845555557
2262,2.6511896723280426
2263,1.0467666952380954
2264,1.5008312103174615
2265,1.3971890871813368
2266,2.6150600830687827
2267,1.4148918412698408
2268,2.4991682592592595
2269,2.478270531534389
2270,0.7020218941798948
2271,1.8688325873015872
2272,3.31212983373016
2273,3.8069834438624306
2274,0.9685006111111107
2275,2.309177485449736
2276,2.6723168023809523
2277,4.153645999021163
2278,1.2592921218133724
2279,4.048441215158724
2280,0.5110916825396828
2281,1.2152364629629637
2282,2.1256032826719586
2283,4.295683352830683
2284,1.1519853452380953
2285,1.7203609287566117
2286,2.712539796031746
2287,4.910330190714276
2288,1.0167865622751322
2289,3.6362877328703695
2290,1.5439920505050513
2291,2.4659315919913425
2292,2.427277525132276
2293,0.5546661587301588
2294,1.1018363214285711
2295,1.1687955198412698
2296,3.4844624003306883
2297,1.3938080105820108
2298,2.475002723544973
2299,1.0667088002645504
2300,2.5338201957671953
2301,1.5324286150793673
2302,2.1719493995767207
2303,1.6866984867724881
2304,2.061608595238095
2305,1.1512361957671948
2306,0.8257807023809522
2307,2.602313006084656
2308,2.652149242063492
2309,1.1971164191005301
2310,1.9052503280423274
2311,1.7741058161375671
2312,1.9310896071428552
2313,1.5973728590476186
2314,1.3440586177248675
2315,2.7770089440476204
2316,1.4098264722222213
2317,1.5690057540211646
2318,3.0340632855555554
2319,1.5228394828042322
2320,3.018334378968255
2321,2.33216432089947
2322,1.774512960502645
2323,1.6136808478835987
2324,3.083407176560847
2325,1.9166343375420885
2326,2.4048143230158727
2327,0.70450878968254
2328,2.824181345687832
2329,2.661949375830928
2330,2.009383158465608
2331,2.7428241190476155
2332,2.3064223624338624
2333,1.7441267328042322
2334,1.8692213359788354
2335,1.8785082248677254
2336,1.6298756955026443
2337,1.906065899470901
2338,0.5162584100529102
2339,3.261308606296296
2340,3.9054090659126968
2341,1.2134484576719582
2342,1.1436176603174597
2343,1.5908539828042316
2344,2.5245758835978838
2345,0.9504790200817704
2346,0.9152022288359787
2347,0.940755943121693
2348,2.093101876984125
2349,3.287519342248677
2350,1.6051017460317465
2351,2.791828877089947
2352,2.7278056252970204
2353,1.6894113214285713
2354,2.1112383836904765
2355,2.183318251587304
2356,1.0581293584656086
2357,2.6901025968253958
2358,0.5004722182539684
2359,2.5178829186904794
2360,0.8329263783068785
2361,0.5044438293650791
2362,2.614027691984128
2363,2.1163227652116383
2364,0.6575531283068782
2365,2.6161633741798935
2366,2.0873611964285703
2367,1.8487557691269842
2368,4.486872113095227
2369,0.666856835978836
2370,1.3700311626984132
2371,3.7228941881746005
2372,2.7943828452380957
2373,1.2295738402886003
2374,1.4047187989417993
2375,0.8527686105820107
2376,1.6372644470899471
2377,1.4856455066137575
2378,2.0396134365079366
2379,1.3731920992063495
2380,1.1598700701058213
2381,2.636537139321788
2382,0.7410638470562779
2383,1.358142203174604
2384,2.2982418832010594
2385,3.606876517699612
2386,2.505350962513225
2387,2.2944882584523807
2388,1.9198988251563254
2389,2.252235941361417
2390,2.190233785714286
2391,2.7988774377248675
2392,0.9315556838624345
2393,2.5972690230026454
2394,1.0901392263492062
2395,1.2605468822751322
2396,0.9754260674603171
2397,1.3366041376678879
2398,1.9238636190836946
2399,0.9538867248677254
2400,2.0110698783068783
2401,1.2142148253968255
2402,2.878937599523809
2403,2.520123515873015
2404,1.6740650936507935
2405,2.7308481973124095
2406,4.639458185555546
2407,1.4642366886243379
2408,4.759409868293638
2409,1.6810076084656085
2410,1.871422548955026
2411,1.6731707455507456
2412,1.5247711965127464
2413,1.2456276746031736
2414,2.4871832539682526
2415,0.7286252922222219
2416,1.4005788183261183
2417,2.9972777737566147
2418,2.5956444438227524
2419,1.8814672103174583
2420,0.7273498373015873
2421,0.9586579241702741
2422,2.435458341269842
2423,2.6064094166666676
2424,2.7126558230158735
2425,1.7756082539682552
2426,4.848830081111096
2427,1.8158072883597887
2428,0.808020182539683
2429,1.0583930810485815
2430,0.7244211311904759
2431,1.5409222473544957
2432,3.011491513492064
2433,1.7957296335978845
2434,2.3571864600529078
2435,1.1500577804232812
2436,1.8675180423280422
2437,1.931028690476192
2438,1.8873125846560852
2439,1.3770075859788358
2440,0.5475538412698413
2441,3.950707326481479
2442,4.641739855119038
2443,2.8138539746031728
2444,3.2130500737301575
2445,2.2223116931216933
2446,1.2511264761904768
2447,1.250316366642617
2448,0.7724009232804226
2449,1.8782278539682542
2450,1.2730172499999985
2451,2.349512714285714
2452,2.068020859523809
2453,0.931026054232804
2454,1.8074267441798948
2455,2.657018178095237
2456,4.586542803362186
2457,1.040253307359306
2458,1.4201937195767194
2459,1.0433544285714282
2460,0.9436117976190478
2461,1.4635175423280422
2462,1.8837588412698407
2463,1.6926739898412688
2464,1.3863275158730157
2465,0.9057364218374213
2466,1.9421015603174583
2467,1.408838626984127
2468,3.1394418962698425
2469,1.3176653015873017
2470,1.6255758690476183
2471,3.8535933072222193
2472,1.6443916838624344
2473,1.1549116679894182
2474,0.8251007605820103
2475,1.8429022314814825
2476,4.168205537142855
2477,2.0133401850649335
2478,1.3423392870370372
2479,1.4926208386243385
2480,1.4610326111111112
2481,1.725140826719576
2482,3.0420867944444447
2483,1.9156920066137575
2484,1.2847394633597877
2485,4.5161260703174575
2486,2.011638349206351
2487,1.3451139470899467
2488,2.432738276534392
2489,2.9381989316329973
2490,2.0338665555555564
2491,0.8119955992063487
2492,1.5489314404761902
2493,1.7297857301587298
2494,2.57697922111111
2495,1.392731421957672
2496,2.221428384391534
2497,3.7285274715079377
2498,2.603470990399231
2499,1.5276054601851847
2500,3.164457947698411
2501,0.8687895621693119
2502,1.5071488025030517
2503,1.0244660753968247
2504,2.036056569841271
2505,3.542143680820104
2506,1.9537253905026462
2507,1.4168724563492059
2508,2.630449311587299
2509,2.4879631047619046
2510,0.958777468253968
2511,4.893605621111094
2512,4.909335984365065
2513,0.6029540793650793
2514,3.0547065906349204
2515,2.3594447142857127
2516,1.9241928718253969
2517,1.6263194616666652
2518,2.8901737658730142
2519,4.043009506375657
2520,2.8394559995238082
2521,1.0897976970899483
2522,2.031129353174603
2523,2.156175585449736
2524,1.8942319316137564
2525,1.0485980066137564
2526,1.4877619313756616
2527,1.5657284822751325
2528,2.732479940132275
2529,2.2402966500000017
2530,2.9934884713227516
2531,1.531962665343915
2532,2.8870018564550257
2533,2.3422450194179887
2534,1.5432386243386245
2535,2.37423224153439
2536,1.475287927248678
2537,4.884054068650779
2538,1.8706322433862435
2539,3.0491497315367977
2540,1.620387335714286
2541,3.163873711904763
2542,1.0472218055555553
2543,4.886734118412684
2544,1.3489481970899468
2545,2.04110252385531
2546,3.4003338132142837
2547,3.2641064832010587
2548,0.5241834682539683
2549,3.6921283826984137
2550,2.4108537962962937
2551,1.8462546428571436
2552,2.0383188134920625
2553,1.6522837253968263
2554,0.7893210317460316
2555,0.9690336944444452
2556,3.5458303061904766
2557,1.129005047619048
2558,4.429176650608461
2559,3.7684496469047613
2560,2.0782507008176996
2561,2.0345924206349206
2562,2.2001367630952364
2563,1.4814105859788367
2564,1.546640951058201
2565,1.8175700529100534
2566,1.2603450899470894
2567,3.872640679074074
2568,1.568278099206349
2569,1.5812929484126987
2570,1.1553366137566135
2571,1.251766115079366
2572,1.4338648267195762
2573,1.5145528531746033
2574,0.9566113611111114
2575,3.4071633982275102
2576,1.7792115366762857
2577,3.52784799829726
2578,1.6592101230158733
2579,3.9796598416402094
2580,1.0870115052910052
2581,2.8741527832671956
2582,2.6038525896103883
2583,2.777055389788362
2584,2.890223250793652
2585,1.0280639629629638
2586,1.575378357142856
2587,1.6188074907407395
2588,1.5915962817460323
2589,2.8919544087301587
2590,1.3318706273809526
2591,1.990591343434343
2592,0.5005850309523812
2593,1.4712806576719577
2594,1.0164583955026458
2595,2.4679556161904745
2596,1.321793388888888
2597,1.2085491031746038
2598,1.772061773148148
2599,2.825171575213675
2600,0.8257846018518521
2601,2.69922506084656
2602,1.9292316547619066
2603,3.341517813888888
2604,1.3699533888888886
2605,1.2896042738095232
2606,1.7767103875661383
2607,2.4181685648148137
2608,0.886208998624338
2609,2.481394084259259
2610,3.210926964632032
2611,3.6717932949338614
2612,1.5855859365079366
2613,1.3474951785714293
2614,1.0452135939153433
2615,2.1941443505290996
2616,2.65217772698413
2617,1.7545572883597893
2618,1.0085771335978841
2619,1.4349931777777767
2620,1.4398017391534401
2621,1.3606720357142843
2622,1.997597742063493
2623,1.6865731798941783
2624,1.6565164570370376
2625,2.6120113168590686
2626,0.7593125424603178
2627,2.2322709092063495
2628,3.3037186055555563
2629,1.4904840833333326
2630,1.5028657619047612
2631,4.510881705529094
2632,1.5397330828042335
2633,0.5469011626984126
2634,4.9431193494444265
2635,2.0637877829365068
2636,1.3252930595238077
2637,2.4628238359788366
2638,2.5944887612698406
2639,1.9302501367724858
2640,2.1717554523809506
2641,4.8992859294444315
2642,1.148087727513227
2643,1.8884580211640214
2644,1.9971020450937953
2645,0.9963897579365073
2646,1.7399856037758548
2647,1.2002452579365073
2648,2.561188056642616
2649,1.113974251322751
2650,1.2233586415343922
2651,1.787024466931216
2652,1.9416480391534408
2653,1.2244112817460313
2654,2.8600981594708967
2655,3.0179842343915326
2656,2.95244195309524
2657,1.9575154018759011
2658,3.401749404232802
2659,1.4948303835978838
2660,1.8491183023809534
2661,3.292823780853776
2662,1.9001142067460322
2663,4.099105893306877
2664,4.67674675650793
2665,2.0837219007936514
2666,4.810806387724853
2667,1.216310189603174
2668,1.07001119973545
2669,4.319998357460312
2670,2.276174134259257
2671,1.7163202658730161
2672,4.5690951464021134
2673,2.003880010582011
2674,3.9615940904761873
2675,2.8389259455290987
2676,1.5461003130110633
2677,2.1617041375661374
2678,1.359300818783069
2679,2.1687932248677257
2680,0.8629681494708996
2681,1.1138497394179898
2682,2.119603445767196
2683,1.7146470642135636
2684,1.8373307116402111
2685,1.9576471202212606
2686,3.188571296111109
2687,2.2320543253968252
2688,0.6365407929292927
2689,1.0821045780423286
2690,1.9025120163756613
2691,1.9899155515873013
2692,1.4846379510582008
2693,3.21990622373016
2694,1.2621806120268617
2695,1.6858993468253962
2696,0.5369135158730157
2697,3.460482150529098
2698,2.4866011784391544
2699,0.812785164021164
2700,1.1820966738816734
2701,4.788599201071417
2702,0.6323482301587303
2703,3.726903964814811
2704,2.475468405555556
2705,2.582960683080808
2706,4.052308653095237
2707,0.7676222526455022
2708,2.2381748689273673
2709,1.5892190014814815
2710,2.5055858214285704
2711,1.8703536924001936
2712,2.3013118134920614
2713,1.061435591606542
2714,1.1515751746031748
2715,3.9271228949735457
2716,2.2741754563492065
2717,1.8207855130952388
2718,1.5791536843434342
2719,1.8774269920634925
2720,1.604289744949495
2721,1.6233536825396824
2722,1.2009155238095235
2723,0.8241638280423286
2724,1.936857194444444
2725,0.8420167063492062
2726,1.2998238452380946
2727,2.8917147105820105
2728,0.9463695246031745
2729,2.5475972060846535
2730,1.2969452156084647
2731,1.4462297320105815
2732,1.4380990093795096
2733,0.7267914343915343
2734,3.475468749894179
2735,1.3444320691438187
2736,1.9749500515079361
2737,3.819220063346559
2738,2.1326196430158744
2739,0.7825228849206355
2740,3.4491554188263565
2741,3.316099491825401
2742,1.5832641626984127
2743,1.5473360847763342
2744,1.80288605952381
2745,2.975398500714284
2746,2.5826656360317446
2747,2.0028973870851385
2748,2.419813892857143
2749,1.4932110291005292
2750,1.5459517198941801
2751,2.439675307936509
2752,2.5330518150793653
2753,2.0183959285714295
2754,2.333754997354498
2755,2.650365115052908
2756,1.0774094973544976
2757,1.0394035396825392
2758,3.7597748407936487
2759,1.597930537037036
2760,1.7940037235449744
2761,5.00000999999998
2762,3.544311802063493
2763,1.030120937751323
2764,1.1831139951058203
2765,1.4972935100529086
2766,1.5094043690476189
2767,2.261875569947089
2768,1.6581890108709814
2769,1.2328762687830692
2770,1.9893320158730168
2771,1.3802380251322752
2772,3.146986300090187
2773,2.217835532724868
2774,2.1811878235930724
2775,0.6706640282010581
2776,2.3483601215608454
2777,1.3324238068783063
2778,1.483357666666667
2779,3.0093985407142863
2780,1.4346590734728242
2781,2.6365716774735444
2782,0.5742546759259262
2783,2.1369558981481465
2784,1.4135690317460314
2785,1.4913354240740753
2786,2.6525112685185186
2787,1.4621683030303025
2788,2.982310683333332
2789,1.427072675925925
2790,2.9297482143506453
2791,3.523317919682538
2792,2.866832456243385
2793,0.5319359973544969
2794,3.6114413748412675
2795,3.3478174111904755
2796,3.3530190479365056
2797,2.062478173280426
2798,1.7380933902116396
2799,2.227842501216932
2800,1.2671793856421343
2801,2.4528911031746037
2802,1.8522607420634916
2803,2.91475481892857
2804,0.6747875939153445
2805,0.5803621349206348
2806,0.9482121296296299
2807,1.8896794365079355
2808,0.6061240595238098
2809,3.037649994920634
2810,1.991801915343915
2811,1.9905648386243384
2812,2.8686687148845595
2813,3.818873335317458
2814,1.914531291731602
2815,1.2351435873015868
2816,3.140485805820105
2817,0.9910037380952376
2818,1.2520242857142858
2819,0.5683696150793651
2820,1.6183192182539692
2821,1.784301182539682
2822,2.7732723476190477
2823,1.6164113855218858
2824,0.9958520111832608
2825,3.685247895238096
2826,2.98437517275132
2827,1.3010152407407407
2828,3.6424026085449746
2829,1.783271126984127
2830,4.34024776886243
2831,4.693527000793642
2832,2.8758436857142864
2833,3.285685704920635
2834,2.119349939021165
2835,2.3778706468253987
2836,0.9659793201058202
2837,1.882213625661377
2838,2.90167972883598
2839,1.89893442989418
2840,2.1478205211640202
2841,1.793633052380953
2842,2.25207815
2843,2.282423404898989
2844,1.1172343788359786
2845,1.1899705022486768
2846,1.0918996309523816
2847,0.7942975039682534
2848,1.0432593968253958
2849,2.329801013227512
2850,1.24307594047619
2851,1.7305772003367008
2852,2.2573111891534388
2853,4.384518730211632
2854,0.6893223994708996
2855,1.1402543906926408
2856,3.9634957647222215
2857,0.6673179722222228
2858,1.0574158714285713
2859,2.5771779301587316
2860,3.5134478970646934
2861,2.7881983171957674
2862,1.9351035873015876
2863,0.7339785357142855
2864,2.0331055907936495
2865,1.5299223085690234
2866,1.8105266904761905
2867,2.289322259920632
2868,1.3684816536796534
2869,3.2569169746031754
2870,3.448895069841266
2871,1.6117914299470908
2872,2.5616557532142865
2873,2.1390373119576718
2874,2.8275630334343442
2875,3.390991607979797
2876,1.5189181746031744
2877,2.7195060205627715
2878,0.7199068373015872
2879,2.3197242292328046
2880,2.2703640079761875
2881,3.690113575960521
2882,1.4452270608465616
2883,1.8054434894179887
2884,3.3619456340476193
2885,3.570981347770565
2886,2.2152710646571014
2887,1.0991603584656078
2888,4.872075248084408
2889,0.8325861580086585
2890,1.6603327169312165
2891,0.6000641309523804
2892,3.179150303968255
2893,3.4671000753174597
2894,2.479393258015874
2895,1.3826908467724879
2896,2.3595708091269842
2897,1.4678399691125534
2898,1.603119309523809
2899,0.8825303240740742
2900,2.2713930920634926
2901,2.7160208039923037
2902,0.8270820873015872
2903,0.9935132129629625
2904,3.4437548498941815
2905,5.00000999999998
2906,1.2027895013227512
2907,2.2722276904761882
2908,4.980839442142839
2909,2.276775576719578
2910,3.650810870555553
2911,1.9467742896825393
2912,1.54486040079365
2913,1.3470917698412694
2914,3.4816258646825404
2915,1.6303067334054833
2916,0.837176869047619
2917,0.979681142857143
2918,3.0589008234126975
2919,1.902952743386243
2920,2.5852692664478107
2921,0.9222038386243391
2922,2.4919728664021172
2923,2.21810619047619
2924,0.9013545555074556
2925,3.2209095316137537
2926,1.6979833968253961
2927,2.25153057142857
2928,3.1572034345238107
2929,1.8526480637037053
2930,0.980059051587301
2931,3.881367758108459
2932,0.9574110563973064
2933,3.949026868658009
2934,4.76147963388888
2935,0.5915033518518518
2936,4.567089594312165
2937,2.1036070727513247
2938,2.5896483746031778
2939,1.6402961759259251
2940,2.9501676644973545
2941,1.7527741230158729
2942,2.409152849206349
2943,1.5837320317460315
2944,3.1808285317724874
2945,1.1822815039682537
2946,2.8923932475396796
2947,2.7722949853113534
2948,1.281058373015874
2949,3.9057451971428585
2950,0.9894597682780172
2951,2.1767562857142844
2952,1.5411171246031752
2953,3.00145039140212
2954,1.2202809144179905
2955,1.8077314035594034
2956,1.6627028888888893
2957,3.8329794472883547
2958,2.070420964189514
2959,1.2519777658730153
2960,2.966346447619048
2961,1.8527944126984126
2962,2.071487349259259
2963,2.8576558440476196
2964,1.2999654021164015
2965,1.5568902214285723
2966,1.703887067460318
2967,1.880569496375662
2968,2.222238867724868
2969,3.2345959563492084
2970,2.4073181042328042
2971,1.403858245899472
2972,1.6955809841269853
2973,1.0056736521164018
2974,1.7300620198412708
2975,1.6212163029100521
2976,1.4703599031746024
2977,3.9753668601719596
2978,0.7181285357142863
2979,3.677704709947089
2980,1.9208296891534402
2981,1.3036254748677243
2982,1.9450033348809521
2983,1.634442503968255
2984,1.1201738650793651
2985,2.425079859841269
2986,2.7909259047619064
2987,0.6882347936507932
2988,4.965576679141396
2989,1.866171111111111
2990,1.346363674603175
2991,1.1201139536868687
2992,2.264116539417989
2993,2.969896657936508
2994,0.6922048227513232
2995,2.6250544048941786
2996,2.527743532010581
2997,1.3877944541847023
2998,0.8137135886243387
2999,2.6798749082010587
3000,2.597236106957672
3001,1.822685111111111
3002,3.94180831988937
3003,1.5400861296296298
3004,1.4873910661375662
3005,1.202750683862434
3006,2.124820904232805
3007,1.073393411579161
3008,1.5269383968253976
3009,1.6778726071428574
3010,2.2474052328042315
3011,0.7906040714285715
3012,0.5581089867724863
3013,1.7883168968253975
3014,0.944161157287157
3015,1.0332477619047629
3016,1.370766129028379
3017,1.5450256349206362
3018,1.6691257518037528
3019,1.1405647857142864
3020,0.49616644708994717
3021,0.9374509484126978
3022,1.624881096560846
3023,1.282523235449736
3024,2.5923119748677252
3025,2.0319449960317466
3026,1.0244139814814828
3027,2.035092917460318
3028,2.0345798185185195
3029,1.9240750526695536
3030,2.451961171717171
3031,1.665555421957672
3032,1.7111481018518506
3033,1.1579000343915338
3034,2.1404652897378544
3035,2.355289499999999
3036,2.0471704474867725
3037,1.6257721833333332
3038,1.9389066346560844
3039,1.3766120343915347
3040,1.4577973021885529
3041,1.4749728736507932
3042,1.041108232804232
3043,0.6279962010582012
3044,2.553738196825398
3045,3.9975772136507914
3046,1.3656250779100516
3047,1.4882272508417502
3048,1.6893822511904744
3049,1.8106527222222226
3050,2.834593747195767
3051,1.4818474457671948
3052,4.999446633333313
3053,2.485686342592592
3054,2.430653968253969
3055,2.685115617777778
3056,2.5367813115873035
3057,1.599333319484127
3058,1.6480036653439134
3059,1.2617724113756608
3060,3.6581811644047617
3061,1.4476958968253975
3062,2.05867265925926
3063,2.2197753652116385
3064,3.448800105555556
3065,2.172153317195767
3066,0.6160760806878308
3067,1.720896037037035
3068,2.338186677473545
3069,1.5623726299903804
3070,3.4819097852380967
3071,0.8595159510582004
3072,1.0191410357142854
3073,1.641798066137566
3074,1.5667545661375673
3075,1.4960369801587303
3076,1.4832937976190477
3077,4.166817883240734
3078,3.836523355223664
3079,3.780572709126984
3080,3.2639880559523795
3081,4.990944913055537
3082,4.633701592910044
3083,1.80095782936508
3084,0.5482540449735451
3085,2.1253351634920614
3086,2.817305179629628
3087,1.2878186468253965
3088,2.910485787914863
3089,1.4423293253968257
3090,3.0802970793650757
3091,1.9160341447811444
3092,1.3689725992063484
3093,1.2555790251322747
3094,2.13638522478836
3095,2.3527790779220785
3096,1.6086457632275146
3097,1.965172442566137
3098,2.340794041904764
3099,1.2583447248677255
3100,0.8480384060846562
3101,1.7944172222222217
3102,3.760084257724866
3103,1.9861228637566137
3104,3.3605129594708987
3105,1.4131810555555546
3106,1.971385124867725
3107,2.05014085063492
3108,1.0858275313852805
3109,2.2812267936507955
3110,0.7256929550264544
3111,2.093079945767196
3112,1.3134289166666668
3113,0.5056818293121699
3114,1.115188170634921
3115,3.463305762671956
3116,1.3028686812169301
3117,1.458284538677249
3118,2.19120024079365
3119,1.6456139547859543
3120,1.6889578214285716
3121,1.246189300264551
3122,3.0522829138359753
3123,1.9791335026455017
3124,1.9009968125396823
3125,3.497286895687829
3126,0.7527018695286187
3127,1.8190039968253968
3128,2.2954366666666677
3129,1.0530628481481483
3130,1.8169403068783077
3131,2.966178613253968
3132,1.4841813518518507
3133,2.563579638701298
3134,1.2412689484126982
3135,2.520523908730156
3136,1.9300547023809531
3137,1.1387201825396818
3138,3.5391211938359795
3139,2.530312762962965
3140,0.7632389755555553
3141,1.7805331005291016
3142,0.9791022261904762
3143,1.0368456706349198
3144,1.957473848965848
3145,3.4987153598196272
3146,1.0893919867724866
3147,2.867199450873017
3148,1.646124448412698
3149,4.999854422222202
3150,2.179318572751322
3151,0.851343272486773
3152,2.4831243280423236
3153,3.3554971211640217
3154,0.9692104722222217
3155,1.2001855939153443
3156,0.8059965079365082
3157,0.6107303940596445
3158,2.488239662698411
3159,2.1051372301587277
3160,3.3146911063492053
3161,1.5890666058201062
3162,2.8002974849735454
3163,2.2378434047619047
3164,2.3491339607142847
3165,3.0037630380952383
3166,1.7258935965608464
3167,1.1004317230158727
3168,1.3842529920634925
3169,1.977484251878307
3170,1.5585098518518519
3171,0.9914059788359788
3172,1.1011103597883598
3173,1.4112484049206355
3174,0.5534448712962963
3175,2.4572833412698407
3176,0.8651007288359795
3177,1.6732270458152965
3178,3.1563557624891767
3179,2.9430722162037033
3180,0.6645978537037042
3181,1.2771343783068796
3182,1.6920224047619046
3183,1.1733375026455022
3184,3.0521827232275136
3185,4.120829273904518
3186,2.117074924603174
3187,0.810413787566138
3188,2.434646742592593
3189,0.9837942632275131
3190,0.9920977156084663
3191,2.5526897248677276
3192,2.267381991402117
3193,1.1085933484981687
3194,1.4883517499999999
3195,1.6931355950000018
3196,1.600570067460317
3197,3.9380153903174566
3198,1.72195666137566
3199,1.188610988095238
3200,1.4463123584656097
3201,2.1865516918518537
3202,1.6753559484126983
3203,3.81367789574074
3204,1.6258726124338634
3205,1.0938499777777766
3206,0.7380759537037039
3207,2.339414202380953
3208,4.211321930740737
3209,2.366514533068785
3210,1.0666163531746036
3211,3.682456052354499
3212,1.1090968849206353
3213,3.0772384275396822
3214,2.952146541626984
3215,1.9625668849206364
3216,3.623136154523808
3217,2.6306188334147333
3218,0.8959517798220292
3219,2.8603712656084643
3220,1.4796600634920645
3221,1.9852573148148156
3222,1.1736741640211643
3223,2.6126156520634924
3224,0.701987828968254
3225,2.3827681903439144
3226,3.049160314417989
3227,0.6549161305555554
3228,1.9105471955291005
3229,0.8103304935064937
3230,2.1468584865079343
3231,1.2211692579365092
3232,2.863969308571427
3233,1.4387653200793638
3234,2.3095723690476193
3235,1.4439575775613283
3236,3.4202125887830666
3237,1.2375850962000945
3238,1.0294892539682539
3239,1.3571459841269826
3240,1.9647331031746027
3241,1.5789202968253964
3242,0.6014734947089948
3243,1.8553173465608466
3244,1.8971809333333332
3245,1.7715596772486766
3246,2.2495786378908136
3247,2.273390683968254
3248,2.44659637910053
3249,1.3693190542328046
3250,2.4146724480952364
3251,1.6753124886964885
3252,2.982336158727754
3253,1.0336835952380956
3254,0.7977982380952384
3255,2.3957953415343907
3256,0.6451443467989412
3257,3.243004106613755
3258,1.3932861970899466
3259,1.698176460317462
3260,1.0109184365079364
3261,1.9344962722462726
3262,3.539894732936506
3263,1.7136103673641174
3264,1.132915295454545
3265,4.374676773862433
3266,3.3772353596031723
3267,2.1901555462962943
3268,0.7604236256613757
3269,1.7182697095238102
3270,3.406715945396826
3271,4.367006722328036
3272,0.7306025734126984
3273,3.7632613102380947
3274,2.5428854907936533
3275,1.5057353677248668
3276,1.8546536475132287
3277,0.8805213511784517
3278,1.7734638079365084
3279,2.464566947010581
3280,3.9506523111904746
3281,1.442736407287156
3282,0.5776206071428569
3283,1.413387162698413
3284,2.686461707592593
3285,2.130745673280424
3286,0.657727435185185
3287,1.3908694206349208
3288,2.5117149378306864
3289,1.0845045965608469
3290,1.9958937978225482
3291,0.646097333333333
3292,1.1375661825396828
3293,2.1827438531746037
3294,3.416031818320107
3295,1.296077428571428
3296,1.6089131825396819
3297,0.8151411857864364
3298,2.3214458452380975
3299,2.9780775479100523
3300,1.1276937667724873
3301,2.1305496071428567
3302,2.350162110137085
3303,1.4689234325396825
3304,2.5030092380952387
3305,1.4494631309523807
3306,2.717050299444445
3307,1.759626477513228
3308,1.7362350595238092
3309,1.3844531177248685
3310,2.1355001144781145
3311,2.0039021984126992
3312,1.7798223246633003
3313,2.0572919879629636
3314,3.2286832264574303
3315,3.251283702380953
3316,1.7839981952380954
3317,2.431527503968253
3318,2.330208300264552
3319,4.16306613444444
3320,2.1885956003439158
3321,2.389593116666667
3322,0.6284493108465612
3323,1.8377598174963914
3324,1.7311432817460317
3325,1.2337530079365076
3326,1.5532538403078402
3327,2.106853984126984
3328,1.4337720595238093
3329,3.167898088756613
3330,2.057677964285713
3331,2.409961979285714
3332,1.517855964285714
3333,1.576684688552188
3334,4.885459684999982
3335,2.515824639730641
3336,2.4734333416402112
3337,2.1256619285714278
3338,1.7498413306878309
3339,2.1543188862433853
3340,1.3166853280423283
3341,3.534835257698413
3342,3.137300807936508
3343,1.4831152791005295
3344,3.897788238095233
3345,1.936816464206349
3346,1.5554829232804224
3347,3.7698464308730166
3348,2.6336866190476202
3349,1.4690989484126982
3350,0.8525122764550267
3351,2.941520816315537
3352,2.725510499338622
3353,3.4121126095899466
3354,1.0073520759259253
3355,2.039785660052909
3356,1.4555419761904766
3357,1.4399694179894182
3358,1.4454068875661383
3359,0.6076978862433868
3360,1.4134794775132273
3361,2.7153878171957637
3362,1.8682462275132272
3363,2.1164745484126986
3364,1.1022411920394417
3365,1.9647966785714293
3366,2.593112788359788
3367,1.6482359246031755
3368,1.6670428968253963
3369,2.307036996825394
3370,0.7138998357142861
3371,1.4626305079365076
3372,2.0244097882275125
3373,3.855786239126983
3374,1.6534529417989414
3375,1.8775247817460312
3376,3.4038234666666654
3377,1.6774817521164034
3378,1.278623761904762
3379,2.0179251746031737
3380,2.7523327347374824
3381,3.6294312680687835
3382,2.294813852142855
3383,1.4314881349206352
3384,1.188655391534392
3385,2.8939061769841277
3386,2.9379870429100534
3387,4.305095008465606
3388,1.8307591084656087
3389,1.9359209907407406
3390,0.8207636402116406
3391,1.3083725092592602
3392,2.7292227690476203
3393,1.882701025132275
3394,2.6142827584391544
3395,3.237482814021166
3396,2.4064342870370354
3397,0.7533844829365082
3398,1.842746924603174
3399,1.2035739814814812
3400,3.1839320455555544
3401,1.7943869949494937
3402,1.0869857129292935
3403,2.3908120846560843
3404,0.723087060317461
3405,1.8822302380952385
3406,2.084440301587303
3407,3.074290269682538
3408,3.6062385922486744
3409,2.292642996230159
3410,1.254658907407408
3411,3.1526549054761905
3412,1.2383760071428567
3413,2.3794713029100523
3414,1.2385620000000004
3415,1.665030380230879
3416,1.0899749748677248
3417,3.6128128506349215
3418,0.7033906812169312
3419,1.2258182362698409
3420,2.247380887301586
3421,2.2591211375661375
3422,2.0087474470899473
3423,2.338513564550266
3424,3.8969619432539684
3425,2.3172213059523816
3426,0.8035143994444448
3427,2.6594660138888897
3428,1.1097361598124096
3429,0.5210245304232809
3430,2.054082754497354
3431,0.7178208915343912
3432,3.2540016222222214
3433,1.8806524854497357
3434,2.785407964285714
3435,2.037576177248679
3436,0.9645176064935063
3437,0.9029451362433872
3438,1.48537028968254
3439,1.4014035436507934
3440,1.8850178634920636
3441,1.4525551785714284
3442,0.849175507936508
3443,2.096484949735449
3444,0.6698962063492065
3445,1.9145865328042317
3446,1.6507446851851861
3447,1.7233712936507926
3448,0.8135147500000005
3449,1.771471654365079
3450,1.197995142857143
3451,1.7819714365079369
3452,0.9172701243386238
3453,1.5168216483886483
3454,2.467484640793653
3455,2.798796555477392
3456,2.2938948305555558
3457,1.564532218253968
3458,2.2794862499999993
3459,3.515506401666666
3460,0.8842548595478593
3461,1.4855890185185183
3462,1.583783990740741
3463,2.916006289126984
3464,1.8831808579365077
3465,1.2048709828042337
3466,1.0575934444444441
3467,1.6575679523809506
3468,2.0434008809523796
3469,0.746020507936508
3470,1.4843810936243391
3471,2.6234551203703704
3472,1.761061714285716
3473,1.825309329365079
3474,1.5624162037037046
3475,1.8789459708994718
3476,1.725912603174603
3477,2.222027073359789
3478,1.1935555158730167
3479,1.7521596230158727
3480,2.186215306349205
3481,1.329745372294372
3482,1.8032440185185183
3483,4.019427808571431
3484,1.4344165262962953
3485,0.882051903439154
3486,2.517711095820107
3487,4.1022936587806615
3488,1.1848209404761896
3489,1.0480737870370382
3490,1.8871322949735447
3491,2.623133274999998
3492,1.009097845238095
3493,1.5529023584656088
3494,4.6341603855555435
3495,1.083887962962963
3496,4.128603722328041
3497,1.1798980568783073
3498,1.2054306259018759
3499,1.7916222611111108
3500,4.20439900600529
3501,4.977225642222203
3502,3.0403908792063477
3503,1.1693514497354491
3504,2.08727360615921
3505,1.158096157287158
3506,1.7775998968253963
3507,1.9618654089947085
3508,1.6552962354497358
3509,1.6196040462962955
3510,0.79066650925926
3511,1.7766676521164027
3512,2.5501326149206345
3513,0.9458613849206351
3514,4.529701977367721
3515,1.5166083624338629
3516,2.3109320714285717
3517,1.2613455912698406
3518,1.5014174159451654
3519,2.09978317063492
3520,0.6786124082010587
3521,1.6039993015873009
3522,0.608201634920635
3523,2.5386662989417994
3524,3.9922352382936492
3525,3.9403184666125517
3526,2.7890048769841247
3527,0.7604527279942285
3528,3.602763660767195
3529,0.6815693492063493
3530,0.6038010303703703
3531,1.5433232743386243
3532,0.7947973555796057
3533,1.1912384007936514
3534,0.7105709523809525
3535,1.0761107668350167
3536,2.499056553174604
3537,2.069141198653199
3538,2.50621881878307
3539,1.8530196809523818
3540,0.8502586230158735
3541,3.298536795238098
3542,0.9411712698412703
3543,2.082731123015873
3544,0.8917000066137568
3545,2.7785901589947084
3546,2.757365579232806
3547,1.3054652567460316
3548,0.7180539457671955
3549,1.3623570568783065
3550,1.2420183373015878
3551,1.782702932539684
3552,2.8324676035714305
3553,2.8653166293650814
3554,1.2945434603174606
3555,1.7618299044444445
3556,0.99192292989418
3557,1.8095981150793659
3558,1.113877657407407
3559,4.581872436388878
3560,4.711164239761893
3561,1.398108886243387
3562,0.7468286049783545
3563,2.923555939523807
3564,2.157634364153439
3565,2.5542423373015883
3566,1.7278665154761912
3567,1.7851116304232817
3568,0.925581177777777
3569,4.479047984232799
3570,1.196403662450697
3571,2.6660783689033187
3572,1.3699027906084646
3573,3.964625171071429
3574,1.7512982063492055
3575,1.765617246272246
3576,2.0033883175132288
3577,1.142018378306879
3578,1.4045704880952372
3579,1.8092575753968254
3580,3.1275478820370375
3581,1.8259455026455031
3582,0.6581099870370372
3583,1.1696862896825388
3584,1.6283976534391527
3585,1.8898196846560862
3586,1.2780848835978835
3587,1.7504125972222229
3588,3.7985069574338572
3589,2.006016261111111
3590,2.1530082116402114
3591,0.666861713888889
3592,1.9286720332804237
3593,1.8976646111111115
3594,0.9745780674603174
3595,0.7245535039682538
3596,0.994011683862433
3597,1.0922297301587305
3598,2.8119110379918233
3599,2.681502896693123
3600,2.6225334260582
3601,1.24246628042328
3602,2.1903088993386235
3603,0.6625047248677245
3604,1.3591892592592594
3605,2.5923872857142864
3606,3.581570287671958
3607,2.2398022373015873
3608,2.785294160357142
3609,3.922262306031744
3610,2.2953320912698403
3611,3.2716221387037026
3612,1.8349097874867728
3613,2.3556069444444456
3614,1.8676425979365072
3615,1.2185315475396818
3616,2.0744685606349202
3617,3.40018456407407
3618,2.029435066137566
3619,4.581635218862424
3620,2.409073885158731
3621,0.949081630952381
3622,2.975530797391775
3623,3.575135043280424
3624,2.3157114991486267
3625,0.5393563703703703
3626,0.932451369047619
3627,1.8617751806878289
3628,1.2401202407407408
3629,1.727385857142857
3630,1.4779518677248669
3631,1.2150817671957672
3632,3.4727540417772973
3633,2.878386437301584
3634,1.228130984126984
3635,3.0493700026911976
3636,1.3806306096560852
3637,0.6962670476190476
3638,1.379060223544973
3639,2.2343941944444436
3640,2.146384763492062
3641,3.0977553218518525
3642,1.1723377089947093
3643,1.0010175899470894
3644,1.391905267195766
3645,2.6378573994709003
3646,3.9726732454365075
3647,3.7609367401719553
3648,1.0354459166666672
3649,1.2045327777777772
3650,1.8589624158249163
3651,1.6072442100529098
3652,1.0534132877585378
3653,0.7641447777777786
3654,3.8575267865343887
3655,2.2931874401154397
3656,3.40975327170635
3657,2.0654064510581995
3658,4.114466341904758
3659,1.3061836483333333
3660,0.8964479060846551
3661,0.7875158749879747
3662,1.60852357962963
3663,1.7085278611111114
3664,1.3273289400793653
3665,0.8708906151587296
3666,2.0551828095238096
3667,1.4819143174603173
3668,0.7067239686147184
3669,4.429190410079356
3670,2.0585961749938946
3671,1.5741119648677242
3672,4.6146564208333185
3673,3.1402099152116394
3674,3.5714907151851842
3675,2.8039612449735447
3676,1.0770428769841272
3677,1.6259569542207792
3678,2.775855524206348
3679,2.7555295092592567
3680,0.9882332383357387
3681,0.9767603835978843
3682,2.212125985714286
3683,1.8624406031746041
3684,4.142657403834772
3685,3.358924760079365
3686,2.3357284288359805
3687,1.718354047433862
3688,4.842202763253957
3689,2.6363870899999964
3690,0.8160977235449733
3691,1.282583305555555
3692,1.2628288055555554
3693,0.7121965224867723
3694,1.788747980158729
3695,1.1138700489417999
3696,1.415612718253968
3697,1.5687658452380957
3698,1.4128633730158724
3699,4.7684257544444355
3700,0.8861868690476189
3701,1.6924822791005283
3702,1.9184303835978835
3703,1.9259356486531996
3704,1.8322088412698414
3705,2.891930874603175
3706,2.7930374109788354
3707,0.9409384986772484
3708,1.1260622103174602
3709,2.3303659880952403
3710,3.585473576613756
3711,1.5167974846296302
3712,0.602740356746032
3713,0.6626859325396826
3714,1.2291675039682548
3715,1.985952258445257
3716,1.515458174576721
3717,1.6694971944444457
3718,3.0996377525132277
3719,3.487912141904762
3720,2.169387892777777
3721,0.798421574074074
3722,3.1595690445490625
3723,1.9521706269841268
3724,1.0858546878306878
3725,1.4006060767195776
3726,0.6250892539682537
3727,1.1743926785714276
3728,2.006089005291004
3729,1.1370589943121692
3730,1.206793945887446
3731,1.0436493407888405
3732,0.9761024708994714
3733,0.9901259016402122
3734,0.9825478875661375
3735,1.6015200899470903
3736,1.0112135529100525
3737,1.1528144246031742
3738,1.7749232420634913
3739,1.2544736448412692
3740,1.617961804232803
3741,1.684508624338625
3742,1.078757556878307
3743,0.7571505714285717
3744,1.5235977050264549
3745,1.0161291547619047
3746,0.5585475899470903
3747,0.9210864206349211
3748,1.884689953703703
3749,2.2647991695767193
3750,4.984723660634904
3751,1.4258213174603172
3752,1.0515983386243386
3753,0.7960030912698408
3754,0.7177742539682536
3755,1.630267525132276
3756,3.0283849065608472
3757,2.2795093248677247
3758,2.6159387887301593
3759,1.045790813371813
3760,1.7698716901154414
3761,2.888830563492065
3762,2.535564388253967
3763,0.8548501688311693
3764,2.146048788359788
3765,1.0366622460317467
3766,0.9156846441798935
3767,0.9971166719576735
3768,2.4013636521164003
3769,3.2390308701851844
3770,3.3806265410750345
3771,2.1514953206349188
3772,1.1696975301587307
3773,1.8423002380952387
3774,1.2062631031746018
3775,1.2444811944444458
3776,2.649863734915824
3777,4.27129648674603
3778,1.3792204788359796
3779,1.914629661375662
3780,3.3455318517195773
3781,3.3064846969047617
3782,1.7107753783068786
3783,2.0566015926984127
3784,0.9280980886243381
3785,0.5119495767195766
3786,2.6314197904761905
3787,2.1680033134920644
3788,4.865493357936494
3789,4.25079013738095
3790,2.16047784920635
3791,2.048503582301587
3792,1.3372456071428567
3793,4.071892846243384
3794,1.1917997685185195
3795,2.2932986825396826
3796,1.235026964285713
3797,1.2121009933862432
3798,1.9932770783549794
3799,0.8660001587301588
3800,2.062438236322752
3801,2.324735076190475
3802,4.21987308626984
3803,1.8157127923280427
3804,1.0103599550264553
3805,2.0535541820105836
3806,0.8448808412698411
3807,2.245527846825398
3808,3.5857684492063497
3809,2.5151792686147165
3810,1.9892139365079364
3811,0.9936903373015877
3812,1.690124937830688
3813,2.6643693050793655
3814,0.7177411375661373
3815,2.6032196345238097
3816,1.1188758320105818
3817,1.7920250079365077
3818,1.3126583333333337
3819,2.2983161666666674
3820,4.167157010952381
3821,2.589199722943725
3822,1.6158857215852669
3823,1.7070835238095234
3824,2.5159178422318424
3825,1.6628761111111112
3826,4.762898722010569
3827,2.0324744920634927
3828,1.48113505916306
3829,2.202146654338623
3830,1.5781548624338626
3831,4.021926374800383
3832,1.4204376507936503
3833,4.015489016441798
3834,0.8327797770899468
3835,3.7538957725925943
3836,3.421868791005292
3837,4.252124260277773
3838,1.481455816137566
3839,4.999473961666647
3840,1.512437127116402
3841,2.034894111111109
3842,1.091705293650794
3843,1.1490675793650802
3844,4.3608630195238085
3845,3.105855908386244
3846,0.7608094104136609
3847,2.403739436507935
3848,2.2572533888888895
3849,2.562408637222222
3850,2.353230711375663
3851,3.006278536666666
3852,0.8610345087301581
3853,1.5215076759259247
3854,0.9329377722222222
3855,2.2553749973544965
3856,1.5948237992063494
3857,1.1247560079365082
3858,1.9536054123376638
3859,1.465312150793651
3860,1.0416100515873004
3861,1.8952831190476187
3862,2.1157529428306865
3863,1.3826319775132274
3864,0.96593328042328
3865,3.0833661396031764
3866,4.554983655978833
3867,1.5482826904761902
3868,3.4643032297883587
3869,1.6192399984126984
3870,2.2301314669312173
3871,2.2218616095767203
3872,1.0265791352092344
3873,1.3913677791005283
3874,1.9851924045214036
3875,3.4186136657275097
3876,2.3246189351851876
3877,1.7258018202380954
3878,3.574606865634917
3879,3.2033725559788366
3880,1.8717310674603178
3881,0.8193591915584415
3882,1.134917630952381
3883,1.2343080952380945
3884,2.4624641727152468
3885,1.7543553888888894
3886,2.63877298190476
3887,1.4054547857142865
3888,2.027522289629628
3889,1.4970788730158717
3890,1.4296969100529098
3891,2.3397692063492093
3892,1.2613439599567102
3893,2.000100791005291
3894,2.7207298913492077
3895,1.7190158333333336
3896,3.4519329151984115
3897,3.100046499470901
3898,1.3997121666666672
3899,2.3631082791269846
3900,1.0892283994708991
3901,1.5871449859788351
3902,1.4692796984126986
3903,1.7490558960582019
3904,0.9702691507936507
3905,1.3989048875661374
3906,2.6048767212962964
3907,3.4216448207936523
3908,2.6340141640211643
3909,0.9241262222222224
3910,3.1885372219841255
3911,2.9361709315343925
3912,1.5873101865079355
3913,1.2748153227513215
3914,0.9157864021164032
3915,1.9608721785714271
3916,2.54880337126984
3917,1.9584446631794123
3918,2.9285199758585856
3919,0.7331154880952386
3920,2.127959611111111
3921,1.175348878968254
3922,1.1574051566137555
3923,1.675922351851853
3924,4.872388108571413
3925,2.0812374264550257
3926,2.792210168835979
3927,3.7644947878571435
3928,2.744988242910054
3929,0.5628637248677246
3930,3.303472204761906
3931,1.3408447698412693
3932,2.9219654449735435
3933,1.604361008658009
3934,1.2738814138888899
3935,4.525259605687825
3936,1.648055313227513
3937,2.4642011071428547
3938,1.8029089184920637
3939,0.7283190982443483
3940,4.103911503333329
3941,1.505293662830688
3942,1.1686415304232813
3943,3.5446690839417982
3944,1.8676223412698403
3945,0.9007607407407411
3946,1.0014696933621934
3947,2.0103336961375655
3948,2.6625323333333353
3949,2.584688834920637
3950,3.5970900826984082
3951,3.620915320224866
3952,1.254053861904762
3953,2.461975490529103
3954,1.3563935185185192
3955,2.413140572433862
3956,2.5922999399735454
3957,1.030415218253968
3958,3.5337725113095217
3959,2.9215450705555575
3960,2.4321681859788353
3961,0.9223741150793646
3962,1.2820770515873021
3963,1.6038654886243393
3964,1.7414156716269849
3965,2.1763252301587306
3966,1.0431224589947088
3967,1.6096856031746034
3968,1.9288824960317439
3969,1.7053126976190482
3970,2.270739503968254
3971,2.3760088222222238
3972,2.000820473544974
3973,2.753419574179894
3974,2.975758280026453
3975,2.028709492063491
3976,1.0915436869576716
3977,2.7589746151322734
3978,1.8060919695767181
3979,2.774958393424723
3980,1.4908669470634928
3981,1.7244101388888895
3982,2.457524694444443
3983,1.679338992063493
3984,1.746854928571428
3985,3.5854684917857154
3986,0.7622407526455032
3987,2.4332582222222205
3988,2.89962928857143
3989,2.0000881581746035
3990,1.8749593306878303
3991,3.578135183227512
3992,1.6738592732539688
3993,2.0168702460317443
3994,4.938197445476174
3995,2.0437908600529093
3996,2.1592990476190455
3997,1.7030304576719584
3998,1.3590005767195767
3999,2.029506720899471
4000,2.397419006105007
4001,2.476700712962961
4002,0.5329015595238096
4003,0.9140106753968251
4004,3.7905608705423304
4005,1.1118919325396832
4006,1.5020818796296291
4007,4.001148684372288
4008,2.801498805687831
4009,1.4824535928571412
4010,0.9034429793650791
4011,2.607673976984126
4012,1.6242016052765764
4013,2.408131968518519
4014,2.044789726190476
4015,1.9760366203703692
4016,2.3155167007936512
4017,3.466765445158729
4018,1.2641210555555558
4019,1.1889903015873027
4020,2.3068011044973535
4021,4.3886807986111025
4022,2.995508509920635
4023,2.301731289523809
4024,1.8273366309523806
4025,3.617634911428573
4026,2.7456278246031753
4027,3.0215124965608453
4028,2.9374595206084635
4029,1.7765165051587304
4030,2.497604904761904
4031,2.083893414074076
4032,2.62854061960077
4033,0.5265984457671963
4034,2.2954041129629634
4035,1.6485155155122648
4036,2.02407676984127
4037,2.030178317460319
4038,2.2427353424603176
4039,1.1618782843915336
4040,1.0971260000000003
4041,1.3619981097883593
4042,2.2124831278042327
4043,0.8574128452380946
4044,1.0404590846560853
4045,0.8647454669312162
4046,1.2560537394179887
4047,2.5256119880952355
4048,0.5235216428571436
4049,1.6720734750793644
4050,1.259403026455026
4051,1.8463771335978845
4052,2.6339136104497345
4053,3.0816535375132257
4054,2.5125333412698425
4055,2.548445908161374
4056,1.0891525176767682
4057,4.206965480515868
4058,2.170203521164021
4059,1.444504261904762
4060,1.9005231028138554
4061,3.2665404776984093
4062,1.7979173373015862
4063,1.033337107142857
4064,1.2993980793650797
4065,1.625620865079364
4066,1.6008481587301588
4067,1.6026312248677246
4068,1.553933793650793
4069,1.1809000185185188
4070,1.7527618373015874
4071,0.8732958637566137
4072,1.6199418571428572
4073,1.8983143076984121
4074,1.7317055780423292
4075,1.7117327222222214
4076,2.8467626434175086
4077,1.5117867751322733
4078,1.690282654603176
4079,0.7215250679894181
4080,2.142551027777781
4081,1.5030885272486776
4082,1.5595777662698405
4083,1.0551858267195768
4084,0.7927071362433861
4085,1.9889204484126972
4086,2.5350676268518515
4087,1.866020747883599
4088,1.769099500793651
4089,2.004739298941799
4090,2.597735331216932
4091,1.8481219775132278
4092,1.8110313915608462
4093,2.5011962484054826
4094,1.8295948015873016
4095,2.1314162645502623
4096,4.940400619444428
4097,0.7176139386243384
4098,3.461144988518515
4099,3.961388322698412
4100,1.1249181984126986
4101,0.740917007936508
4102,1.0521026031746026
4103,0.7536105039682532
4104,2.671626148677248
4105,1.5865389444444444
4106,3.20515098111111
4107,3.7562151972222204
4108,1.7271274576719582
4109,1.1402961878306885
4110,4.175373124285711
4111,4.292125279444442
4112,2.2989857685185164
4113,2.046389012698412
4114,2.050690907407408
4115,0.6227756150793656
4116,2.896624202910053
4117,1.686706537037036
4118,1.101171166666667
4119,4.68489007246031
4120,0.9542421481481489
4121,1.3311282817460324
4122,4.2406858958597855
4123,4.864666778174592
4124,2.263928566137566
4125,2.015981210317461
4126,4.836302743333315
4127,0.7071449868927363
4128,1.6611106653439145
